Time Published,Ticker,Overall Sentiment Score,Ticker Sentiment Score
20240401T034222,AAPL,0.202624,0.415683
20240401T040157,NVDA,0.329593,0.353362
20240331T112300,AMZN,0.268211,0.292505
20240401T060703,GOOG,0.320344,0.0
20240331T134500,LLY,0.162909,0.193373
20240401T053000,XOM,0.219839,-0.05916
20240401T063000,UNH,0.091917,0.0
20240331T101500,PG,0.293541,0.130392
20240331T214307,JNJ,0.007244,-0.171128
20240331T193500,HD,0.306881,0.469756
20240331T120500,COST,0.434079,0.230242
20240331T095000,CVX,0.326109,0.271482
20240401T062447,BAC,0.330155,0.203533
20240331T143000,WMT,0.15346,0.032448
20240331T150000,AMD,0.166525,0.189612
20240401T040100,NFLX,0.040944,0.042316
20240331T172825,PEP,0.094142,0.069477
20240401T020035,KO,0.38267,0.171001
20240330T014500,TMO,0.26396,0.095987
20240331T105000,ADBE,0.131223,0.204464
20240331T201900,WFC,0.094354,-0.094938
20240329T133011,LIN,0.273581,0.201763
20240329T194958,DIS,0.254686,0.167924
20240329T130000,MCD,0.407306,0.0
20240330T090600,CSCO,0.199522,-0.059286
20240331T111513,ACN,0.120424,0.101552
20240330T102000,ORCL,0.107584,0.067131
20240330T091900,ABT,0.238472,-0.045412
20240401T023700,QCOM,0.30795,-0.012995
20240328T190026,INTU,0.238974,0.384695
20240331T160000,GE,0.029072,-0.094771
20240329T171323,CAT,0.154774,0.295234
20240329T103000,AMAT,0.076523,0.17731
20240330T172818,VZ,-0.028357,-0.262413
20240329T204225,DHR,0.145233,-0.034832
20240329T100000,TXN,0.075077,0.107268
20240330T113000,COP,0.226181,0.073852
20240330T092500,IBM,0.173628,0.118921
20240330T114500,UNP,0.215805,0.002527
20240329T130010,AMGN,0.206482,0.08334
20240331T133100,PFE,0.072326,0.053174
20240401T062442,GS,0.277904,0.148393
20240401T053000,NEE,0.219839,-0.05916
20240331T110000,INTC,0.316514,0.124105
20240331T180000,AXP,0.35867,0.241498
20240327T142700,RTX,0.373935,-0.007033
20240401T061200,SPGI,0.126226,0.07439
20240331T114500,ISRG,0.333497,0.529084
20240328T153600,ETN,0.389442,0.20758
20240330T070200,HON,0.222164,0.048956
20240401T023700,MU,0.30795,-0.012995
20240328T165436,ELV,0.082894,0.0
20240331T102800,BKNG,0.38276,0.323495
20240328T125400,PGR,0.461499,0.600609
20240330T180200,LRCX,0.22897,0.143772
20240401T024857,T,0.043355,-0.075945
20240401T061200,C,0.126226,0.07439
20240401T062445,MS,0.508522,0.307027
20240331T075000,NKE,0.055659,0.0
20240329T134012,SYK,0.286246,0.478412
20240401T062444,SCHW,0.230108,0.23186
20240327T160019,TJX,0.238974,0.384186
20240331T142723,BSX,0.105788,0.011909
20240331T141500,UPS,0.11009,0.124903
20240401T062443,BLK,0.247242,0.150167
20240331T181700,MDT,0.149059,0.229714
20240330T173053,CI,0.067316,-0.163028
20240329T140700,DE,-0.063645,-0.050078
20240331T131500,VRTX,0.331706,0.460788
20240329T100000,ADI,0.075077,0.107268
20240331T110000,SBUX,0.250976,0.308598
20240327T190017,ADP,0.287737,0.145561
20240330T061849,CB,0.229318,0.073672
20240330T103233,LMT,0.154354,0.26743
20240330T091300,PLD,0.25254,0.216822
20240328T190031,KLAC,0.238974,0.384695
20240401T050924,BA,0.133631,0.049008
20240328T203008,MDLZ,0.262256,0.238456
20240329T170016,FI,0.238974,0.384695
20240328T174538,REGN,0.083564,0.107003
20240331T150700,BMY,0.058112,0.0
20240401T063000,CVS,0.091917,0.0
20240329T050000,SNPS,0.188548,0.331478
20240328T200500,GILD,0.064825,0.011872
20240330T015334,AMT,0.26301,0.196972
20240327T185100,SO,0.120521,0.073587
20240328T153010,EOG,0.190769,-0.018441
20240401T013009,WM,-0.138873,0.069288
20240328T185433,CDNS,0.115596,-0.215397
20240330T190200,MO,0.196712,0.131995
20240330T120000,TGT,0.17305,-0.095105
20240328T125600,CME,0.350898,0.361487
20240329T182300,DUK,0.582545,0.125031
20240330T114500,CL,0.215805,0.002527
20240328T165331,FCX,0.189368,0.0
20240329T140024,SHW,0.289997,0.151778
20240327T210021,APH,0.238974,0.384695
20240328T154300,MCK,0.244404,-0.118238
20240327T164600,PH,0.146901,0.113522
20240329T015436,SLB,-0.100641,-0.220591
20240326T161700,TT,0.263984,0.194887
20240330T151100,EQIX,0.156867,0.0
20240328T122600,NOC,0.330872,0.174981
20240330T070200,ITW,0.222164,0.048956
20240329T164518,BDX,0.287757,0.148634
20240327T140000,CSX,0.134795,0.204802
20240329T205100,GD,0.181805,0.239994
20240330T090200,PXD,0.176296,0.0
20240401T032703,EMR,0.298751,0.168515
20240401T062447,PNC,0.286065,0.19337
20240401T053230,ORLY,0.12759,0.101779
20240401T064500,FDX,0.048464,0.224052
20240331T111500,MAR,0.286571,0.066962
20240331T154600,MCO,-0.041351,-0.171698
20240329T154009,PCAR,0.460574,0.555563
20240328T170403,CTAS,0.239412,-0.055699
20240328T153200,MSI,0.387468,0.014554
20240331T140001,AON,0.231388,0.041103
20240328T181618,VLO,0.207872,0.0
20240328T153900,ECL,0.262437,0.125544
20240328T152400,ROP,0.268343,-0.036673
20240331T091500,COF,-0.01472,-0.032096
20240328T215554,NSC,-0.042936,-0.094472
20240329T061441,APD,0.256823,0.190473
20240328T154400,EW,0.289905,0.132707
20240327T153023,AIG,0.049921,0.164311
20240330T101846,WELL,0.303199,0.185923
20240329T153031,AZO,0.123683,0.253588
20240331T091500,TFC,-0.01472,-0.032096
20240327T123351,MMM,0.017133,0.0
20240328T120300,MCHP,0.266142,0.180991
20240331T124500,F,0.363324,0.220512
20240401T064500,NEM,0.048464,0.224052
20240330T090044,TRV,0.266405,0.432015
20240328T130010,CPRT,0.248372,0.169265
20240401T070000,WMB,0.27052,0.0627
20240328T141516,OKE,0.264538,0.081887
20240327T134512,URI,0.3272,0.318775
20240328T155200,ADSK,0.314489,0.448037
20240330T094641,SPG,0.265322,0.05132
20240331T101500,KMB,0.293541,0.130392
20240328T134512,ROST,0.368889,0.420948
20240401T062447,HES,0.286065,0.19337
20240328T131002,SRE,0.192098,0.118648
20240328T154004,AEP,0.49863,0.572424
20240331T100000,OXY,0.232908,0.213766
20240401T051100,O,0.25406,0.03971
20240329T134012,ALL,0.392476,0.027175
20240329T154505,AFL,0.388129,0.464935
20240331T071000,JCI,0.26699,0.069513
20240401T062443,BK,0.320139,0.274508
20240327T163017,DLR,0.264463,0.076938
20240330T090045,MET,0.296369,0.254726
20240330T201144,NUE,0.177466,-0.090297
20240331T083000,D,0.324283,0.413111
20240325T220019,STZ,0.167715,0.198616
20240327T183026,IDXX,0.238974,0.384186
20240328T153037,FIS,0.024046,0.061923
20240328T153500,AME,0.332578,0.548561
20240331T111500,PSA,0.278654,0.353058
20240327T102007,LHX,0.18684,0.079001
20240328T170403,CCI,0.239412,-0.055699
20240330T014500,A,0.26396,0.095987
20240328T225900,GIS,0.199992,0.145341
20240401T051100,COR,0.25406,0.03971
20240401T062444,PRU,0.230108,0.23186
20240328T201027,YUM,0.369074,0.125076
20240328T123907,CMI,0.165296,0.527886
20240329T202800,CNC,0.536738,0.401014
20240331T081000,MNST,0.302052,0.502351
20240325T131500,RSG,0.170195,0.041532
20240326T163013,FAST,0.238974,0.384695
20240328T080000,SYY,0.375756,0.671936
20240331T095000,LEN,0.326109,0.271482
20240329T210708,PAYX,0.078576,-0.043514
20240327T025648,PWR,0.237811,0.126314
20240329T153027,CSGP,0.107933,0.281037
20240401T063000,HUM,0.091917,0.0
20240329T160643,MLM,0.271165,0.019339
20240326T170033,EXC,0.289997,0.151778
20240325T131743,PCG,0.163022,0.35479
20240329T171400,KR,0.290045,0.159213
20240329T085500,IT,0.342214,0.12571
20240328T190800,VMC,0.232887,0.34765
20240330T090043,HAL,0.334599,0.226733
20240330T090200,DVN,0.176296,0.0
20240328T190013,PEG,0.193103,-0.018513
20240328T213022,ACGL,0.238974,0.383648
20240328T152400,CTSH,0.383533,0.57232
20240329T154008,RCL,0.477948,0.521372
20240331T120000,BKR,0.112388,0.115011
20240327T163022,ODFL,0.238974,0.38308
20240327T184914,GPN,0.119067,0.043921
20240326T101015,ROK,0.318645,0.276911
20240328T201523,ED,0.287757,0.148634
20240328T154500,ADM,0.20509,0.0
20240328T203026,RMD,0.238974,0.384695
20240331T172825,DD,0.094142,0.069477
20240328T132500,EA,0.086647,0.07667
20240325T220022,PPG,0.202829,0.273901
20240330T070000,BIIB,0.052986,-0.018683
20240326T183012,XEL,0.026338,-0.249175
20240330T114500,TSCO,0.279492,0.307988
20240315T153040,WAB,0.201654,0.227663
20240328T133010,ON,0.261931,0.20085
20240330T061844,ANSS,0.307779,0.229317
20240322T093400,HIG,0.327602,0.143201
20240330T091300,EXR,0.25254,0.216822
20240331T110000,HSY,0.250976,0.308598
20240323T204300,FICO,0.082776,0.054671
20240331T213200,EFX,0.007259,0.076219
20240331T103000,EBAY,0.295989,0.40387
20240321T133017,AVB,0.262256,0.079385
20240328T133748,EIX,0.452641,0.61741
20240331T061042,MTD,0.294013,0.203318
20240329T153028,WST,0.201581,0.115718
20240329T135006,CBRE,0.259207,0.114917
20240307T163109,WTW,0.264063,0.200919
20240325T154011,WEC,0.435364,0.487953
20240329T102006,CAH,0.330798,0.060317
20240329T162741,DLTR,0.05784,-0.080094
20240323T101244,DOV,0.267057,0.17009
20240330T090043,FITB,0.313046,0.187134
20240327T162300,ZBH,0.261595,0.27015
20240329T200023,PHM,0.238974,0.384695
20240328T142700,NVR,0.449718,0.637292
20240329T153032,HPQ,0.033444,-0.019696
20240401T062447,GLW,0.245449,0.158287
20240331T091643,RJF,0.339626,0.368567
20240330T090600,WDC,0.199522,-0.059286
20240328T204924,TTWO,0.250534,0.331057
20240326T173023,WY,0.264538,0.081887
20240401T062447,STT,0.330155,0.203533
20240329T131500,IRM,0.145423,0.02524
20240326T140000,DTE,0.258154,0.0
20240328T011741,ETR,0.121848,0.0
20240331T142922,GPC,0.380268,0.274
20240326T124400,ALGN,0.27806,0.142875
20240327T102005,GRMN,0.319966,0.060813
20240325T080000,BALL,0.357032,0.454558
20240328T220019,HUBB,0.203402,0.310985
20240330T131619,AXON,0.157333,0.054814
20240329T145802,IFF,0.050673,0.065107
20240328T102006,PTC,0.284983,0.068777
20240329T163012,DECK,0.238974,0.384186
20240328T155402,CTRA,0.289238,0.162938
20240327T153024,SBAC,0.166441,0.124119
20240328T202517,NTAP,0.334214,0.198039
20240328T061843,ES,0.299195,0.208572
20240327T221519,STLD,0.208546,0.253675
20240401T064500,BAX,0.048464,0.224052
20240328T151700,STE,0.194287,0.055747
20240329T102006,MOH,0.330798,0.060317
20240325T131000,PPL,0.270028,0.093426
20240326T143200,FE,0.298193,0.207001
20240330T014500,ILMN,0.26396,0.095987
20240320T142000,TYL,0.265017,0.163004
20240329T134011,BRO,0.199014,0.343084
20240329T154505,AEE,0.394969,0.480764
20240327T141219,OMC,0.045344,-0.001027
20240328T154400,DRI,-0.045821,-0.102676
20240329T161500,WAT,0.121118,0.0
20240329T134012,J,0.414846,0.323045
20240319T135700,RF,0.308434,-0.04887
20240327T134012,CNP,0.367992,0.236614
20240330T124500,CLX,0.288688,0.075407
20240328T123000,ARE,0.356204,0.17707
20240327T130014,HOLX,0.219383,0.142913
20240328T075644,AVY,0.293564,0.036599
20240401T035100,VTR,0.002322,0.0
20240329T141513,TDY,0.262256,0.079385
20240321T150146,COO,0.290458,0.226055
20240320T172400,TER,0.174907,0.106564
20240325T140500,CINF,0.225031,0.143912
20240331T060000,DPZ,0.488104,0.230282
20240401T070000,ATO,0.378164,0.16726
20240401T032703,CMS,0.298751,0.168515
20240401T062443,PFG,0.401836,0.303962
20240329T134013,TSN,0.362325,0.372541
20240401T062447,NTRS,0.330155,0.203533
20240330T001500,TXT,0.212919,0.051634
20240328T154152,LH,0.369392,0.322625
20240326T152718,LVS,0.286061,0.402939
20240323T200200,EQT,0.196202,0.301659
20240329T061244,SWKS,0.222047,0.039002
20240327T131500,STX,0.295072,0.352834
20240325T180022,IEX,0.238974,0.384695
20240322T212900,EXPD,0.396179,0.186361
20240329T153031,NRG,0.089519,0.304912
20240401T070000,MRO,0.27052,0.0627
20240330T154439,LUV,-0.036526,-0.095397
20240329T170021,FDS,0.238974,0.383648
20240331T111500,ESS,0.278654,0.353058
20240319T201500,EG,0.339839,0.219567
20240328T134512,MAS,0.385461,0.0
20240327T220021,VRSN,0.197885,0.311201
20240315T115500,PKG,0.306232,0.120994
20240326T221517,AKAM,0.156939,0.109101
20240325T060000,ZBRA,0.361422,0.05646
20240325T144513,K,0.266789,0.133077
20240328T161440,CCL,0.192544,0.172054
20240326T142300,JBL,0.44761,0.149234
20240316T090500,MAA,0.402457,0.502405
20240331T124500,TRMB,0.338063,0.422697
20240328T101500,DGX,-0.097222,0.0
20240328T161700,BG,0.269648,0.248073
20240329T131503,CAG,0.112063,-0.017616
20240331T170231,BBY,0.059291,0.064216
20240223T162700,POOL,0.00478,-0.084844
20240326T055251,SNA,0.343551,0.244904
20240330T090046,NDSN,0.290077,0.206694
20240329T153030,VTRS,0.096637,0.051914
20240318T142300,L,0.495449,0.326944
20240330T200100,SWK,0.25265,0.451759
20240401T062446,KEY,0.30195,0.063601
20240329T182300,ALB,0.582545,0.125031
20240328T155000,HST,0.24043,0.15063
20240228T072951,DOC,0.289979,0.026238
20240328T102006,PNR,0.229461,0.069019
20240401T051100,WBA,0.25406,0.03971
20240327T135012,ROL,0.391673,0.065786
20240321T133900,RVTY,0.282755,0.119825
20240326T142300,LNT,0.245219,0.38375
20240328T155000,KIM,0.24043,0.15063
20240328T142300,JKHY,0.369255,0.457989
20240326T040537,EVRG,0.089624,-0.019538
20240328T143051,IP,0.179677,0.0
20240222T161123,LKQ,0.089809,0.312061
20240327T200100,CRL,-0.019217,0.049387
20240328T080000,GEN,0.389312,0.130676
20240328T152200,TAP,0.413187,0.317131
20240328T102007,AES,0.197051,0.061385
20240318T162100,UDR,0.272498,0.264269
20240327T094700,EMN,0.161506,0.114295
20240328T202631,MGM,0.39071,0.378584
20240328T153047,NI,0.150162,-0.003706
20240401T062446,JNPR,0.30195,0.063601
20240331T083100,KMX,-0.122823,-0.028443
20240306T140820,FFIV,0.27505,0.212684
20240316T104500,CPT,0.289856,0.32566
20240329T100000,BBWI,0.360952,0.151948
20240331T083500,HRL,0.348727,0.209156
20240328T153045,UHS,0.284008,0.475199
20240328T101500,TECH,-0.097222,0.0
20240321T152000,APA,0.327959,0.155598
20240322T153043,MOS,0.012038,0.155217
20240328T103000,TFX,0.271355,0.439111
20240327T150000,INCY,0.125281,-0.191252
20240328T121500,REG,0.292213,0.485387
20240329T170200,HSIC,0.25353,0.124575
20240328T115500,WYNN,0.138667,0.187834
20240328T134013,TPR,0.231715,0.125677
20240329T154009,AIZ,0.485647,0.613797
20240329T130000,CPB,0.407306,0.0
20240320T182700,MTCH,0.081717,0.081729
20240326T145200,BXP,0.311043,0.169129
20240328T153047,PNW,0.150162,-0.003706
20240330T090045,HAS,0.296369,0.254726
20240328T221520,BWA,0.22152,0.272141
20240329T062433,MKTX,0.181178,-0.141153
20240213T154800,FRT,0.155921,0.109867
20240311T184341,FMC,0.086522,-0.034074
20240328T123000,RHI,0.446844,0.686487
20240328T154300,DVA,0.244404,-0.118238
20240328T113000,BEN,0.129892,0.10439
20240330T065442,CMA,0.133211,0.224874
20240401T053000,IVZ,0.219839,-0.05916
20240328T161000,RL,0.347208,0.08663
20240331T092000,GL,0.224734,0.160969
20240313T133000,MHK,0.089335,-0.040717
20240329T161500,BIO,0.121118,0.0
20240122T062358,AAPL,0.154128,0.194115
20240122T053100,NVDA,0.267087,0.014645
20240121T185200,AMZN,0.233965,0.361582
20240122T064217,GOOG,0.163116,0.112179
20240121T160200,LLY,0.267579,0.397667
20240122T064415,XOM,0.197114,-0.056473
20240121T160200,UNH,0.267579,0.397667
20240122T063000,PG,0.453991,0.207973
20240122T061500,JNJ,0.262494,0.199415
20240121T140501,HD,0.135461,-0.066303
20240121T183843,COST,0.115153,0.102131
20240121T174700,CVX,0.268567,0.313662
20240122T064153,BAC,0.212926,0.162376
20240121T225205,WMT,0.06449,-0.075488
20240121T183500,AMD,0.304213,0.152681
20240122T050100,NFLX,0.024192,0.019873
20240121T193100,PEP,0.378508,0.410936
20240121T193100,KO,0.378508,0.410936
20240119T220100,TMO,-0.042033,0.031816
20240121T210101,ADBE,0.314051,0.051303
20240121T150100,WFC,-0.007202,-0.019
20240119T135006,LIN,0.394227,0.195095
20240120T095100,DIS,0.206295,0.115913
20240118T075900,MCD,-0.178793,-0.088323
20240120T030000,CSCO,0.272857,0.29144
20240120T205400,ACN,0.126171,0.106613
20240121T121900,ORCL,0.045928,0.086004
20240122T070000,ABT,0.374337,0.207185
20240122T054000,QCOM,0.288439,0.094303
20240120T130000,INTU,0.253475,0.287903
20240122T000105,GE,0.187824,0.040151
20240121T123500,CAT,0.319682,0.214095
20240121T101700,AMAT,0.159237,0.004724
20240121T143400,VZ,0.247737,-0.04881
20240120T011800,DHR,0.157188,0.0
20240122T043016,TXN,0.024275,0.147986
20240119T180113,COP,0.160036,0.280755
20240121T150100,IBM,-0.007202,-0.019
20240121T150100,UNP,-0.007202,-0.019
20240122T043500,AMGN,0.164961,0.083583
20240122T043500,PFE,0.164961,0.083583
20240122T064153,GS,0.212926,0.162376
20240120T151348,NEE,0.050355,0.0
20240121T230300,INTC,0.19918,0.181259
20240122T035400,AXP,0.356036,0.156889
20240121T150100,RTX,-0.007202,-0.019
20240122T051615,SPGI,0.390268,0.473927
20240120T151348,ISRG,0.050355,0.0
20240120T115500,ETN,0.137585,0.114329
20240119T140000,HON,0.479196,0.227387
20240119T190058,MU,0.160819,0.386944
20240120T151348,ELV,0.050355,0.0
20240121T191400,BKNG,0.090564,-0.02104
20240120T151348,PGR,0.050355,0.0
20240121T191400,LRCX,0.090564,-0.02104
20240121T121100,T,0.293849,0.148443
20240122T044106,C,0.057885,0.231396
20240122T070000,MS,0.373073,0.084437
20240121T163841,NKE,-0.173644,-0.142567
20240119T150100,SYK,0.271564,0.0
20240122T015455,SCHW,0.399408,0.147512
20240119T193021,TJX,0.160819,0.386944
20240120T010000,BSX,0.340135,0.079378
20240118T230020,UPS,0.150104,0.270209
20240122T050025,BLK,0.101314,-0.040815
20240122T061500,MDT,0.124351,-0.085029
20240118T124137,CI,0.172184,-0.089663
20240119T180020,DE,0.160819,0.387251
20240121T143700,VRTX,0.272921,0.080991
20240119T120600,ADI,0.069692,0.142877
20240121T154400,SBUX,0.327898,0.127293
20240118T124021,ADP,0.104081,0.005376
20240119T175200,CB,0.351859,0.497095
20240122T044106,LMT,0.057885,0.231396
20240121T114700,PLD,0.340518,0.428711
20240121T191400,KLAC,0.090564,-0.02104
20240122T052412,BA,0.089608,0.196683
20240119T152800,MDLZ,0.24631,0.105243
20240120T132400,FI,0.251346,0.264586
20240122T043500,REGN,0.164961,0.083583
20240122T043500,BMY,0.164961,0.083583
20240121T210101,CVS,0.314051,0.051303
20240119T183041,SNPS,0.160819,0.387251
20240118T205452,GILD,0.129835,0.281674
20240117T231518,AMT,0.140614,0.220441
20240118T212900,SO,0.276529,0.127465
20240118T085800,EOG,0.183409,0.113221
20240122T051615,WM,0.390268,0.473927
20240119T180600,CDNS,0.154811,-0.412162
20240121T172300,MO,0.201347,0.091928
20240121T150100,TGT,-0.007202,-0.019
20240121T175356,CME,-0.122035,-0.178673
20240119T230019,DUK,0.211303,0.372759
20240121T123000,CL,-0.036215,0.0
20240120T151348,FCX,0.050355,0.0
20240120T151348,SHW,0.050355,0.0
20240120T151348,APH,0.050355,0.0
20240119T154500,MCK,0.128866,0.133321
20240122T031500,PH,0.243229,0.081916
20240119T152516,SLB,0.35028,0.188728
20240117T073000,TT,0.473585,0.249493
20240120T001500,EQIX,0.229716,0.0
20240122T044106,NOC,0.057885,0.231396
20240122T041500,ITW,0.284921,0.124941
20240119T171500,BDX,0.425577,0.0
20240121T150100,CSX,-0.007202,-0.019
20240121T150100,GD,-0.007202,-0.019
20240119T225017,PXD,0.15962,0.266131
20240119T104500,EMR,0.319861,0.0
20240119T174300,PNC,-0.16855,-0.069894
20240119T141503,ORLY,0.274155,0.476925
20240122T015455,FDX,0.399408,0.147512
20240119T224521,MAR,0.243741,0.403195
20240122T055831,MCO,0.092409,-0.071389
20240121T191400,PCAR,0.090564,-0.02104
20240120T140200,CTAS,0.277608,0.328377
20240117T211500,MSI,0.191212,0.019167
20240121T015446,AON,0.019565,-0.013968
20240120T151348,VLO,0.050355,0.0
20240116T185340,ECL,0.111759,-0.063924
20240118T080000,ROP,0.378341,0.167382
20240121T150100,COF,-0.007202,-0.019
20240121T150100,NSC,-0.007202,-0.019
20240119T103600,APD,0.274754,0.168751
20240119T164009,EW,0.475692,0.570065
20240121T061443,AIG,0.285421,-0.008845
20240117T214000,WELL,0.302578,0.186571
20240112T195422,AZO,-0.102503,-0.143445
20240121T163956,TFC,0.140026,0.107429
20240122T060000,MMM,0.461529,0.20634
20240118T153437,MCHP,0.160564,0.090746
20240121T123500,F,0.319682,0.214095
20240119T230019,NEM,0.165309,0.250214
20240119T211428,TRV,0.327569,0.311319
20240119T230018,CPRT,0.165985,0.248416
20240104T112006,WMB,0.281995,0.071251
20240119T123900,OKE,0.036083,0.184133
20240121T191400,URI,0.090564,-0.02104
20240120T113000,ADSK,0.298507,0.220555
20240118T231518,SPG,0.192945,0.313038
20240120T151348,KMB,0.050355,0.0
20240119T162300,ROST,0.204603,0.24346
20240121T174700,HES,0.268567,0.313662
20240117T130400,SRE,0.315258,0.218885
20240119T210200,AEP,0.246204,0.427079
20240121T122000,OXY,0.084854,0.265966
20240121T173300,O,0.328304,0.607055
20240119T135200,ALL,0.061392,0.15349
20240119T170005,AFL,0.317935,0.375368
20240122T031500,JCI,0.243229,0.081916
20240120T112446,BK,0.266751,0.227182
20240117T123100,DLR,-0.102872,-0.242879
20240120T112446,MET,0.266751,0.227182
20240119T225018,NUE,0.120197,0.183607
20240121T134000,D,0.26117,0.198409
20240118T102100,STZ,0.08272,0.135975
20240116T151529,IDXX,0.10308,0.03001
20240118T194419,FIS,0.331734,0.041068
20240119T035000,AME,0.312486,0.204537
20240117T134600,PSA,0.261101,0.089715
20240120T151348,LHX,0.050355,0.0
20240120T151348,CCI,0.050355,0.0
20240119T220100,A,-0.042033,0.031816
20240119T141500,GIS,0.155778,0.045289
20240116T204516,COR,0.328909,0.084533
20240117T144011,PRU,0.328695,0.470859
20240116T162000,YUM,0.321686,0.338949
20240121T193000,CMI,0.063126,0.037828
20240119T175000,CNC,0.326517,0.118449
20240121T125300,MNST,0.347748,0.585659
20240117T153700,RSG,0.387654,0.133731
20240119T132700,FAST,0.07165,0.031138
20240118T203000,SYY,0.287327,0.149595
20240119T123900,LEN,0.036083,0.184133
20240118T152500,PAYX,0.328684,0.049574
20240118T080000,PWR,0.362505,0.0
20240116T100900,CSGP,-0.200187,0.052378
20240119T201028,HUM,0.129617,0.106156
20240119T180200,MLM,0.273329,0.08681
20240119T115000,EXC,0.228069,0.089129
20240116T132700,PCG,0.328695,0.264734
20240119T211500,KR,0.177687,0.193665
20240118T175400,IT,0.46039,0.109574
20240111T183017,VMC,0.24159,0.083071
20240120T151348,HAL,0.050355,0.0
20240121T172200,DVN,0.226399,0.285274
20240119T130700,PEG,0.231709,0.042181
20240119T174400,ACGL,0.127843,0.0
20240117T142400,CTSH,0.307348,0.467554
20240121T102000,RCL,0.154914,0.144472
20240120T151348,BKR,0.050355,0.0
20240118T221505,ODFL,0.130216,0.0
20240112T153600,GPN,0.354111,0.226332
20240119T071500,ROK,0.47502,0.207638
20240119T134400,ED,0.339053,0.146194
20240119T170000,ADM,0.337163,0.189512
20240120T151348,RMD,0.050355,0.0
20240119T183042,DD,0.136604,0.333669
20240119T150700,EA,0.442958,0.114812
20240119T175500,PPG,0.267997,0.118216
20240121T153000,BIIB,0.212301,0.366365
20240119T134300,XEL,0.305392,0.068303
20240119T201600,TSCO,0.323925,0.0
20240119T175400,WAB,0.033225,0.188998
20240122T020000,ON,0.019252,-0.224544
20240118T220400,ANSS,-0.126246,-0.043454
20240109T143300,HIG,0.261996,-0.005031
20240116T080000,EXR,0.358377,0.0
20240117T094500,HSY,0.408825,0.195012
20240119T154000,FICO,0.264624,0.117237
20240121T150801,EFX,0.211028,0.130734
20240121T120000,EBAY,0.236909,0.188793
20240116T152000,AVB,0.280802,0.067356
20240105T151528,EIX,0.237023,0.244394
20240113T062244,MTD,0.206412,0.021901
20240115T105000,WST,0.296058,0.165296
20240116T140000,CBRE,0.182917,0.231181
20240111T124528,WTW,0.087338,0.068919
20240116T100900,WEC,-0.200187,0.052378
20240119T220100,CAH,-0.042033,0.031816
20240119T154200,DLTR,0.391587,0.198233
20240122T033500,DOV,0.230284,0.129849
20240119T164200,FITB,0.153421,0.086683
20240119T154500,ZBH,0.378706,0.296668
20240119T164300,PHM,0.289216,0.198138
20240119T164300,NVR,0.289216,0.198138
20231114T112005,MTB,0.141192,0.060993
20240120T010000,HPQ,0.346732,0.148295
20240122T063000,GLW,0.267446,0.044456
20240120T151348,RJF,0.050355,0.0
20240120T151348,WDC,0.050355,0.0
20240118T163045,TTWO,-0.137067,0.034977
20240118T150041,WY,0.122144,-0.039843
20240121T061443,STT,0.184494,0.019989
20240111T133400,IRM,0.413564,0.064849
20240116T140000,DTE,0.409768,0.0
20240119T134400,ETR,0.339053,0.146194
20240118T152301,GPC,0.296545,0.357361
20240117T130100,ALGN,0.294974,-0.07915
20240119T163000,GRMN,0.356236,0.123138
20240106T030000,BALL,0.223557,0.0
20240119T104500,HUBB,0.319861,0.0
20240118T230020,AXON,0.21814,0.381331
20240118T164500,IFF,0.313517,0.0
20240119T151500,PTC,0.327892,0.0
20240121T103200,DECK,0.397679,0.627936
20240119T231518,CTRA,0.204055,0.261704
20240105T151243,SBAC,0.228646,0.077006
20240118T171303,NTAP,0.303158,0.162136
20240112T131600,ES,0.240822,0.182532
20240120T151348,STLD,0.050355,0.0
20240122T070000,BAX,0.374337,0.207185
20240118T160000,STE,0.141021,0.14477
20240118T134400,MOH,0.031514,-0.238965
20231211T121600,PPL,0.298865,0.157044
20240118T230000,FE,-0.09975,0.013792
20240119T220100,ILMN,-0.042033,0.031816
20240118T080000,TYL,0.242884,0.0
20240120T151348,BRO,0.050355,0.0
20240115T183000,AEE,0.183768,0.09483
20240118T175400,OMC,0.46039,0.109574
20240119T181600,DRI,0.487064,0.188233
20240119T080000,WAT,0.373722,0.0
20240113T005500,J,-0.238529,0.0
20240119T201519,RF,0.216867,0.094414
20240117T220000,CNP,0.131152,0.24944
20240119T152800,CLX,0.24631,0.105243
20240120T144200,ARE,-0.012361,-0.053083
20240119T220100,HOLX,-0.042033,0.031816
20240116T113000,AVY,0.372361,0.0
20240118T053000,VTR,0.55161,0.21492
20240120T151348,TDY,0.050355,0.0
20240109T080236,COO,0.209281,0.0
20240115T164011,TER,0.502278,0.580324
20240119T145007,CINF,0.226613,-0.035717
20240118T191500,DPZ,0.323115,0.103562
20240118T122400,ATO,0.293178,0.070012
20240117T110600,CMS,0.285931,0.209933
20240109T065441,PFG,0.242157,0.180688
20240119T144011,TSN,0.343501,0.403909
20240119T150300,NTRS,0.183413,0.005711
20240120T151348,TXT,0.050355,0.0
20240112T181714,LH,0.0975,0.144892
20240120T151348,LVS,0.050355,0.0
20240111T143644,EQT,0.28419,0.037503
20240115T144033,SWKS,0.263581,0.238688
20240120T151348,STX,0.050355,0.0
20240122T033500,IEX,0.230284,0.129849
20240108T190700,EXPD,-0.009735,0.077458
20240119T134400,NRG,0.339053,0.146194
20240119T115500,MRO,-0.02187,0.117371
20240121T150100,LUV,-0.007202,-0.019
20240118T163004,FDS,0.160971,-0.06256
20240110T121500,ESS,0.110357,0.103151
20240118T140000,EG,0.294314,0.16245
20240119T164009,MAS,0.440115,0.224679
20240119T140005,VRSN,0.215392,0.131063
20240120T151348,PKG,0.050355,0.0
20240119T174700,AKAM,0.145933,-0.03278
20240118T131500,ZBRA,0.19139,0.0
20240105T135141,K,0.115948,-0.438689
20240121T101100,CCL,0.067485,0.0
20240118T143006,JBL,0.286019,0.173786
20240108T143100,MAA,0.320934,0.436331
20240116T061500,TRMB,0.361007,0.071709
20240119T162100,DGX,0.196586,-0.005117
20240118T143024,BG,-0.0338,0.112376
20240119T141500,CAG,0.155778,0.045289
20240119T200425,BBY,0.004894,0.061612
20231228T182400,POOL,0.252816,0.231359
20240121T043506,SNA,0.085808,0.257995
20240117T174500,NDSN,0.353359,0.1386
20240122T043500,VTRS,0.164961,0.083583
20240120T133000,L,0.396244,0.216717
20240119T104500,SWK,0.021819,0.010384
20240119T201523,KEY,0.25661,0.156126
20240122T060000,ALB,0.461529,0.20634
20240119T132936,HST,0.113294,0.349037
20240103T061244,DOC,0.348785,0.011979
20240112T135135,PNR,0.390464,0.0
20240121T154500,WBA,0.23915,0.306164
20240122T050100,ROL,-0.026875,0.083977
20240112T154548,RVTY,0.265469,0.0
20240115T180500,LNT,0.405758,0.21751
20240114T121556,KIM,0.337577,0.002997
20231221T150226,JKHY,0.261313,0.135437
20240115T183000,EVRG,0.183768,0.09483
20240119T163021,IP,0.239316,0.083071
20240119T023500,LKQ,0.236714,0.068051
20240118T143000,CRL,0.26428,0.0
20240118T150100,GEN,0.118174,0.036794
20240118T140000,TAP,0.322578,0.059571
20231204T125800,AES,0.295683,0.148038
20231218T123000,UDR,0.03345,0.120945
20240122T060000,EMN,0.461529,0.20634
20240119T202650,MGM,0.120976,0.316242
20240119T115000,NI,0.228069,0.089129
20240120T010000,JNPR,0.346732,0.148295
20240110T112005,KMX,0.227086,0.060926
20240108T160806,FFIV,0.070071,0.137825
20240109T150054,CPT,0.258938,0.135102
20240110T112005,BBWI,0.227086,0.060926
20240120T143000,HRL,0.204667,0.160587
20240119T154500,UHS,0.128866,0.133321
20240119T220100,TECH,-0.042033,0.031816
20240117T050000,APA,0.076411,0.094706
20240115T150000,MOS,0.002423,-0.371345
20240118T153000,TFX,0.419293,0.0
20240117T133000,INCY,0.15206,0.015893
20240119T131500,REG,0.27917,0.46615
20240121T041100,HSIC,0.089734,-0.018198
20240119T202650,WYNN,0.120976,0.316242
20240111T144007,TPR,0.384624,0.153748
20240117T135600,AIZ,0.280657,0.456355
20240111T140000,CPB,0.138487,0.130021
20231120T144500,MTCH,0.372744,0.224947
20240120T144200,BXP,-0.012361,-0.053083
20231208T181100,PNW,0.351136,0.127025
20240121T010000,HAS,0.067128,-0.031776
20240121T133800,BWA,0.228838,0.085261
20240119T175200,MKTX,0.351859,0.497095
20240108T143100,FRT,0.320934,0.436331
20240116T185340,FMC,0.111759,-0.063924
20240118T150046,RHI,0.170868,0.1574
20240119T154800,DVA,0.200341,0.075486
20240119T145508,BEN,0.21229,0.457255
20240121T170100,CMA,0.072925,-0.001994
20240122T003700,IVZ,0.167012,0.168093
20240121T224200,RL,-0.174394,-0.055906
20240116T130500,GL,0.428592,0.211243
20240110T201559,MHK,0.125012,0.121419
20240119T162100,BIO,0.196586,-0.005117
20231113T025459,AAPL,0.121336,0.061357
20231112T164500,NVDA,0.048498,0.065007
20231113T050200,AMZN,0.049936,-0.052262
20231113T053028,GOOG,-0.214821,-0.14783
20231111T213359,LLY,0.087667,0.391559
20231113T060200,XOM,0.076787,0.115797
20231109T162200,UNH,0.173095,0.222418
20231112T122500,PG,0.322469,0.391566
20231113T033500,JNJ,0.108505,0.0
20231112T203234,HD,0.347915,0.148161
20231113T034314,COST,0.253667,0.206701
20231111T111000,CVX,0.21732,0.3043
20231112T190000,BAC,0.28799,0.0
20231113T041500,WMT,0.229884,0.125568
20231112T143000,AMD,0.292685,0.041015
20231113T050100,NFLX,0.078986,0.099666
20231110T235800,PEP,0.194149,0.065248
20231112T122500,KO,0.322469,0.391566
20231112T135607,TMO,0.074124,0.101876
20231113T011500,ADBE,0.306721,0.137916
20231113T033100,WFC,0.205913,0.15814
20231110T135100,LIN,-0.045559,0.095112
20231113T052158,DIS,0.159937,0.401255
20231110T103700,MCD,0.235793,0.041825
20231112T153000,CSCO,0.024156,-0.004792
20231113T002945,ACN,0.183506,0.371879
20231113T030239,ORCL,-0.00718,-0.045294
20231113T060356,ABT,0.313899,0.18278
20231112T165237,QCOM,0.123915,0.182882
20231108T225003,INTU,0.201509,0.347493
20231113T032000,GE,0.202011,0.12042
20231113T032000,CAT,0.202011,0.12042
20231112T153000,AMAT,0.024156,-0.004792
20231112T163000,VZ,0.06754,0.076333
20231110T023000,DHR,0.264871,0.105666
20231110T221500,TXN,0.274144,0.047439
20231110T135409,COP,0.100838,0.357691
20231113T011500,IBM,0.306721,0.137916
20231107T080000,UNP,0.344986,0.461481
20231110T160014,AMGN,0.275268,0.238117
20231113T061500,PFE,0.09171,0.115089
20231113T010430,GS,-0.148068,-0.347164
20231112T232400,NEE,0.114249,0.136181
20231110T195432,INTC,0.419144,0.69413
20231112T151600,AXP,0.094224,0.011382
20231110T175600,RTX,0.363592,0.213001
20231113T055343,SPGI,0.13957,0.198576
20231112T105000,ISRG,0.144753,0.206734
20231110T124500,ETN,0.191344,0.012739
20231113T040000,HON,0.420916,0.187993
20231113T063035,MU,0.040544,0.0
20231110T131522,ELV,0.267332,0.155473
20231111T121500,BKNG,0.197675,0.056335
20231110T150000,PGR,0.136153,0.438637
20231113T063035,LRCX,0.040544,0.0
20231111T160000,T,0.00244,-0.073515
20231113T053433,C,0.148659,0.0
20231113T060749,MS,0.116403,0.578107
20231112T205738,NKE,0.361022,0.092675
20231113T033500,SYK,0.108505,0.0
20231112T083056,SCHW,0.264845,0.200305
20231110T235800,TJX,0.194149,0.065248
20231110T233500,BSX,0.251768,0.0
20231110T181820,UPS,0.189443,0.211907
20231113T025416,BLK,0.227342,0.226227
20231113T033500,MDT,0.108505,0.0
20231109T144006,CI,0.428069,0.302327
20231110T235800,DE,0.194149,0.065248
20231112T105000,VRTX,0.144753,0.206734
20231110T221500,ADI,0.274144,0.047439
20231113T021500,SBUX,0.220152,0.062499
20231108T160036,ADP,0.228609,0.350368
20231110T190000,CB,0.321446,0.254191
20231111T133800,LMT,-0.014697,-0.073996
20231110T123200,PLD,0.352466,0.056737
20231113T063035,KLAC,0.040544,0.0
20231113T041800,BA,0.030747,0.034934
20231110T221500,MDLZ,0.315833,0.11403
20231110T164007,FI,0.474458,0.538479
20231110T113000,REGN,0.078529,-0.062971
20231111T122500,BMY,0.21145,0.144223
20231112T132200,CVS,0.140052,-0.079541
20231110T164527,SNPS,0.242744,0.0
20231111T084853,GILD,0.183506,0.06595
20231110T235800,AMT,0.194149,0.065248
20231110T103500,SO,0.172164,0.2181
20231110T140800,EOG,0.325373,0.475326
20231113T060200,WM,0.076787,0.115797
20231110T143019,CDNS,0.308703,0.120581
20231110T141239,MO,0.114143,0.09784
20231112T153000,TGT,0.024156,-0.004792
20231113T031800,CME,0.089696,0.223165
20231110T145600,DUK,0.392035,0.123886
20231110T150000,CL,0.565517,0.147824
20231110T191836,FCX,0.14742,0.310818
20231110T160000,SHW,0.265272,0.077808
20231112T135607,APH,0.074124,0.101876
20231110T130436,MCK,0.104895,0.319633
20231109T173900,PH,0.143043,0.125332
20231110T183733,SLB,0.343463,0.388345
20231107T180300,TT,0.169324,-0.069224
20231110T123200,EQIX,0.352466,0.056737
20231111T190000,NOC,-0.033118,-0.071711
20231102T230000,ITW,0.192487,0.0
20231110T023000,BDX,0.264871,0.105666
20231108T160000,CSX,0.14079,0.153366
20231112T162507,GD,-0.069763,0.100972
20231110T153023,PXD,0.289572,0.187048
20231112T082857,EMR,0.203688,-0.011947
20231112T082857,PNC,0.173672,0.077069
20231110T174506,ORLY,0.452572,0.519717
20231112T195100,FDX,0.225806,-0.077691
20231110T082000,MAR,0.363675,0.059696
20231113T050700,MCO,-0.031101,-0.092317
20231110T112006,PCAR,0.311785,0.059852
20231109T143000,CTAS,0.019213,0.072166
20231111T123838,MSI,0.275413,0.43418
20231110T115443,AON,0.368042,0.080721
20231109T143917,VLO,0.349042,0.195607
20231108T200016,ECL,0.181151,0.052211
20231110T163500,ROP,0.290045,0.122648
20231111T124158,COF,0.319758,0.050245
20231110T200200,NSC,0.166089,0.316954
20231110T132100,APD,0.089021,0.262842
20231109T181800,EW,0.250515,0.090186
20231107T202804,AIG,-0.102214,-0.05235
20231112T113000,WELL,0.220131,0.492445
20231112T083057,AZO,0.234341,0.07734
20231112T090043,TFC,0.340182,0.055778
20231110T120221,MMM,0.224106,0.147814
20231108T102024,MCHP,0.21796,-0.014291
20231113T052858,F,0.126845,0.026296
20231110T165700,NEM,0.13457,0.115503
20231108T150300,TRV,0.169121,0.267085
20231110T202900,CPRT,0.226484,0.303488
20231110T080000,WMB,0.340695,0.0
20231109T171700,OKE,0.123571,0.219078
20231110T235800,URI,0.194149,0.065248
20231112T140000,ADSK,0.295521,0.133564
20231110T123200,SPG,0.352466,0.056737
20231110T140602,KMB,0.25398,0.259551
20231112T153000,ROST,0.024156,-0.004792
20231110T172100,HES,0.206623,0.155985
20231110T121100,SRE,0.312016,0.44847
20231112T081248,AEP,0.298658,0.154982
20231111T111000,OXY,0.21732,0.3043
20231112T140121,O,0.128982,0.140022
20231102T162100,ALL,0.12239,0.143065
20231108T194400,AFL,0.169728,0.0
20231110T011500,JCI,0.205715,0.106221
20231112T081248,BK,0.199896,0.337858
20231110T101000,DLR,0.198826,0.008946
20231113T020400,MET,0.102349,0.211955
20231110T140005,NUE,0.224257,0.105519
20231112T082857,D,0.271996,0.218471
20231110T135100,STZ,0.174251,0.033751
20231109T124800,IDXX,0.295409,0.30775
20231109T164005,FIS,0.494922,0.318781
20231108T131500,AME,0.316207,0.050118
20231108T123100,PSA,0.20774,0.060916
20231110T071455,LHX,0.200781,0.024172
20231111T105100,CCI,0.238455,0.092341
20231110T140142,A,0.119694,0.054387
20231110T165700,GIS,0.391029,0.157988
20231111T044136,COR,0.167373,0.22804
20231112T103000,PRU,0.193347,0.025963
20231108T123233,YUM,0.160427,0.13947
20231113T013000,CMI,0.245934,0.106602
20231110T164900,CNC,0.088294,0.105496
20231109T210308,MNST,0.272666,-0.193919
20231108T080000,RSG,0.329923,-0.085383
20231108T133002,FAST,0.088395,0.124965
20231103T145509,SYY,0.251885,0.368762
20231108T140011,LEN,0.243573,0.183134
20231108T200037,PAYX,0.160819,0.387251
20231110T135731,PWR,0.053184,-0.046717
20231108T100200,CSGP,0.043443,-0.018
20231110T235800,HUM,0.194149,0.065248
20231110T024522,MLM,0.239554,0.273585
20231111T114458,EXC,0.25654,0.157477
20231110T180000,PCG,0.376625,0.39989
20231108T184412,KR,0.308879,0.138332
20231109T155700,IT,0.025509,0.043264
20231110T235800,VMC,0.194149,0.065248
20231109T112007,HAL,0.219511,0.058679
20231109T171700,DVN,0.123571,0.219078
20231110T160011,PEG,0.265071,0.152146
20231110T080000,ACGL,0.280445,0.12787
20231110T182706,CTSH,0.270272,0.17874
20231111T113000,RCL,0.175453,-0.005871
20231113T010951,BKR,-0.20064,-0.071293
20231108T144008,ODFL,0.255406,0.463861
20231109T081843,GPN,0.282271,0.120912
20231111T113000,ROK,0.050506,-0.009254
20231110T160016,ED,0.239316,0.083071
20231113T021500,ADM,0.220152,0.062499
20231110T190146,RMD,0.206645,0.330727
20231110T132100,DD,0.089021,0.262842
20231112T110003,EA,0.262596,0.153739
20231110T161500,PPG,0.243957,0.084254
20231112T081406,BIIB,0.232756,0.200829
20231108T125500,XEL,0.226842,0.0
20231110T190100,TSCO,0.424954,0.107873
20231110T223500,WAB,0.183971,0.075357
20231113T014818,ON,0.053432,-0.083516
20231109T080000,ANSS,0.333603,0.0
20231109T183200,HIG,0.021681,0.121562
20231111T081849,EXR,0.226565,-0.005997
20231110T161300,HSY,0.0,0.002046
20231110T080000,FICO,0.323861,0.212517
20231110T160200,EFX,0.202498,0.0
20231112T094000,EBAY,0.149939,0.121831
20231109T144008,AVB,0.276851,0.388117
20231108T143100,EIX,0.127438,0.055547
20231111T124038,MTD,0.232085,0.095995
20231109T051707,WST,0.485295,0.158453
20231110T153300,CBRE,0.245251,0.280434
20231027T203357,WTW,0.151583,0.123827
20231103T161521,WEC,0.267332,0.327895
20231110T155400,CAH,-0.24846,-0.365831
20231109T181516,DLTR,0.269566,0.155473
20231109T093000,DOV,0.237469,0.03854
20231112T083058,FITB,0.201056,0.184349
20231113T033500,ZBH,0.108505,0.0
20231112T065443,PHM,0.249007,0.086249
20231103T144125,NVR,0.193673,0.060978
20231110T112005,MTB,0.18395,0.052946
20231113T011500,HPQ,0.306721,0.137916
20231110T114543,GLW,0.158056,0.014147
20231112T065448,RJF,0.275399,0.235309
20231108T104251,WDC,0.215462,0.031097
20231110T140000,TTWO,0.303195,-0.057993
20231109T214500,WY,0.066284,0.161521
20231112T083059,STT,0.302001,0.12861
20231110T173400,IRM,0.291075,0.376471
20231110T140000,DTE,0.075737,0.061211
20231109T120108,ETR,0.304242,0.214981
20231109T132218,GPC,0.301668,0.237432
20231110T183327,ALGN,0.171005,0.204365
20231110T194500,GRMN,0.364792,0.0
20231102T162500,BALL,0.068893,-0.106148
20231110T231500,HUBB,0.246846,0.063027
20231110T235800,AXON,0.194149,0.065248
20231112T065444,IFF,0.291363,0.465131
20231102T155300,PTC,0.155407,0.084723
20231110T181500,DECK,0.160869,0.049024
20231106T214200,CTRA,0.164966,0.347266
20231107T131300,SBAC,0.260139,0.156444
20231109T225005,NTAP,0.128122,0.074038
20231106T155400,ES,0.155268,0.107135
20231106T123700,STLD,0.271264,0.18205
20231110T122300,BAX,0.231328,0.261529
20231108T114900,STE,0.087059,0.024014
20231110T164900,MOH,0.088294,0.105496
20231103T154000,FE,0.150922,0.235845
20231111T022700,ILMN,-0.022001,-0.174837
20231110T150424,TYL,0.169121,0.269162
20231110T153100,BRO,0.510691,0.484141
20231110T160000,AEE,0.475418,0.110032
20231110T024042,OMC,0.364996,0.129339
20231110T161300,DRI,0.0,0.002046
20231107T175638,WAT,0.100366,0.308493
20231110T164900,J,0.284383,0.07014
20231106T194200,RF,-0.104141,-0.178981
20231109T190325,CNP,0.08678,-0.249126
20231111T150000,CLX,0.050995,0.127484
20231112T134500,ARE,0.212634,0.015859
20231113T031800,HOLX,0.089696,0.223165
20231109T153000,AVY,0.294252,0.290804
20231112T113000,VTR,0.220131,0.492445
20231113T053500,TDY,0.209851,0.048476
20231030T184500,COO,0.137254,0.0
20231108T113000,TER,0.186038,0.061402
20231110T132700,CINF,0.178536,0.088785
20231110T204102,DPZ,0.149079,0.15692
20231109T183100,ATO,0.210575,0.440873
20231110T203000,CMS,0.221736,0.291413
20231112T081249,PFG,0.349651,0.252615
20231112T153000,TSN,0.024156,-0.004792
20231112T193807,NTRS,0.006925,0.007594
20231110T130000,TXT,0.040763,0.123212
20231103T023500,LH,0.367311,0.221359
20231110T144600,LVS,0.052211,-0.038925
20231102T203700,EQT,0.462554,0.710401
20231109T141700,SWKS,0.070057,-0.003462
20231110T112006,STX,0.257004,0.078963
20231109T061750,IEX,0.437411,0.196805
20231107T175414,EXPD,0.107228,0.076298
20231109T141004,NRG,0.218579,0.119894
20231110T124800,MRO,0.047648,0.122725
20231111T130001,LUV,0.047539,-0.032265
20231027T211500,FDS,0.228878,0.049814
20231030T134600,ESS,0.308092,0.18685
20231110T133000,EG,0.22877,0.079209
20231109T080000,MAS,0.373496,0.057932
20231107T102441,VRSN,0.270597,0.208354
20231111T014500,PKG,0.283651,0.253912
20231110T073500,AKAM,0.285939,0.148012
20231110T150414,ZBRA,0.126716,0.025018
20231111T120000,K,0.1533,0.05619
20231101T154300,CCL,0.210763,0.080853
20231110T030000,JBL,0.250989,0.05799
20231101T145600,MAA,0.113267,0.15967
20231113T053500,TRMB,0.209851,0.048476
20231111T120000,DGX,0.1533,0.05619
20231106T185320,BG,0.244218,0.035937
20231112T230000,CAG,0.377962,0.220587
20231112T201113,BBY,0.39067,0.291114
20231020T155600,POOL,0.019135,0.259296
20231113T032700,SNA,-0.00491,-0.028451
20231110T231500,NDSN,0.272056,0.127931
20231110T130220,VTRS,0.30556,0.1591
20231109T181024,L,0.123984,0.208151
20231111T160001,SWK,0.174462,0.10244
20231112T082857,KEY,0.203688,-0.011947
20231112T111246,ALB,0.150326,0.208939
20231109T082905,HST,0.288645,0.464878
20231112T133635,DOC,0.14495,0.091982
20231110T164654,PNR,0.002409,0.037571
20231111T044136,WBA,0.167373,0.22804
20231110T133004,ROL,0.154107,0.216121
20231105T211728,RVTY,-0.079673,-0.105198
20231103T143100,LNT,0.166825,0.143607
20231112T134431,KIM,0.092866,0.273267
20231108T181700,JKHY,0.219121,0.274633
20231107T152800,EVRG,0.175602,0.097279
20231111T014500,IP,0.283651,0.253912
20231030T130500,LKQ,0.157187,0.038787
20231108T162306,CRL,0.276281,0.370521
20231111T123904,GEN,0.36497,0.158455
20231109T131500,TAP,0.241773,0.0
20231008T160039,AES,0.402285,0.356407
20231031T183820,UDR,0.036108,-0.11535
20231110T135347,EMN,0.108325,0.119988
20231111T143948,MGM,-0.123885,0.052492
20231110T121100,NI,0.312016,0.44847
20231111T064510,JNPR,0.312985,0.214468
20231110T171256,KMX,0.192959,0.193286
20231109T032000,FFIV,0.248443,0.132002
20231110T132824,CPT,0.300333,0.168095
20231112T153000,BBWI,0.024156,-0.004792
20231110T130000,HRL,0.300594,0.190569
20231103T073044,UHS,0.282468,0.196261
20231109T133000,TECH,0.150487,0.0
20231112T203421,APA,0.105425,0.059321
20231111T102510,MOS,0.235329,0.284084
20231110T233500,TFX,0.251768,0.0
20231107T061542,INCY,0.164332,0.0
20231107T155600,REG,0.21024,0.221545
20231113T060749,HSIC,0.116403,0.578107
20231111T143948,WYNN,-0.123885,0.052492
20231110T182420,TPR,0.028602,-0.256355
20231110T153100,AIZ,0.510691,0.484141
20231102T122910,CPB,0.247261,0.175666
20231031T140000,MTCH,0.268741,0.111017
20231110T173400,BXP,0.251544,0.036372
20231112T065449,PNW,0.229549,0.207328
20231112T122757,HAS,0.270822,0.158668
20231108T125300,BWA,0.096697,0.020786
20231103T163400,MKTX,0.229868,0.294749
20231111T160001,FRT,0.174462,0.10244
20231112T111246,FMC,0.150326,0.208939
20231109T143300,RHI,0.395429,0.275657
20231110T170006,DVA,0.303609,0.333319
20231110T152600,BEN,-0.016765,-0.105912
20231110T132800,CMA,0.009738,-0.069347
20231112T232504,IVZ,0.072577,0.054813
20231110T140142,RL,0.119694,0.054387
20231110T122300,GL,0.231328,0.261529
20231110T071500,MHK,0.206458,0.055009
20231110T023000,BIO,0.264871,0.105666
20230903T171345,AAPL,0.147822,0.281648
20230903T211320,NVDA,0.285074,0.137359
20230903T141500,AMZN,0.194197,0.358303
20230904T070000,GOOG,0.281397,0.060227
20230901T210022,LLY,0.158543,0.375984
20230904T033800,XOM,0.113013,0.167161
20230901T203700,UNH,0.471521,0.45668
20230904T045825,PG,0.063541,0.028568
20230903T134500,JNJ,0.311203,0.325296
20230903T161214,HD,-0.144681,-0.123643
20230903T163900,COST,0.102642,0.176817
20230902T123001,CVX,0.033823,0.049082
20230904T014525,BAC,0.237865,0.309042
20230903T221400,WMT,-0.058516,-0.034426
20230903T163044,AMD,0.059421,-0.019494
20230904T044528,NFLX,0.114371,-0.171705
20230903T113910,PEP,0.29279,0.228015
20230904T063950,KO,0.1348,-0.148544
20230904T054503,TMO,0.202737,0.118152
20230903T120000,ADBE,0.370234,0.317774
20230904T014617,WFC,0.15772,0.04034
20230901T220012,LIN,0.186198,0.315269
20230904T000835,DIS,0.064858,-0.038298
20230830T143000,MCD,-0.193058,0.0
20230903T143000,CSCO,0.210963,0.0
20230902T044500,ACN,0.292522,-0.045466
20230903T050000,ORCL,0.290604,0.0
20230903T050000,ABT,0.290604,0.0
20230904T010000,QCOM,0.424316,0.127255
20230903T111843,INTU,0.232363,0.103717
20230904T043610,GE,0.32073,0.447526
20230901T221000,CAT,0.300503,0.346895
20230901T154400,AMAT,0.272606,0.240866
20230903T180500,VZ,0.094268,-0.10438
20230903T133056,DHR,0.182021,0.190272
20230903T124500,TXN,0.137428,0.066868
20230831T190228,COP,0.141623,0.028566
20230903T143000,IBM,0.210963,0.0
20230901T212000,UNP,0.271098,0.092979
20230901T153000,AMGN,0.035458,-0.049016
20230903T123000,PFE,0.202374,0.370813
20230904T040954,GS,0.285149,0.316298
20230903T153600,NEE,0.471377,0.566232
20230903T163044,INTC,0.059421,-0.019494
20230904T063950,AXP,0.1348,-0.148544
20230902T221400,RTX,0.157458,0.0
20230903T230039,SPGI,0.175317,0.337814
20230901T153025,ISRG,0.160819,0.386944
20230901T230000,ETN,0.206321,0.041363
20230903T090200,HON,0.195132,0.236465
20230901T154734,MU,0.13718,0.0
20230901T180648,ELV,0.25436,0.399862
20230901T142110,BKNG,0.144276,-0.136561
20230901T170021,PGR,0.196878,0.374685
20230901T215012,LRCX,0.152595,0.249035
20230903T084500,T,0.246204,0.646419
20230904T060000,C,0.121096,-0.007993
20230904T065619,MS,0.157525,0.110374
20230903T103000,NKE,0.220813,0.086662
20230902T010000,SYK,0.233717,0.12463
20230904T060517,SCHW,0.163207,0.274814
20230901T102400,TJX,0.294469,0.045034
20230902T073243,BSX,0.260151,0.134317
20230901T173324,UPS,0.151969,0.32643
20230904T063950,BLK,0.1348,-0.148544
20230903T104700,MDT,0.222823,0.108
20230829T155900,CI,0.342081,0.195381
20230902T123001,DE,0.033823,0.049082
20230903T095000,VRTX,0.332164,0.133713
20230902T041500,ADI,0.240246,0.156822
20230903T133000,SBUX,0.211918,0.053063
20230831T105600,ADP,0.051022,0.045478
20230830T120900,CB,0.35669,0.268066
20230903T110700,LMT,0.02415,0.01594
20230903T204500,PLD,-0.004726,0.040018
20230831T221509,KLAC,0.09492,0.233945
20230903T130041,BA,0.271198,0.122682
20230904T030000,MDLZ,-0.156284,-0.156001
20230827T205645,FI,0.320165,0.0
20230831T174300,REGN,0.199762,0.199463
20230902T105500,BMY,0.262353,0.409901
20230903T163900,CVS,0.102642,0.176817
20230903T163044,SNPS,0.059421,-0.019494
20230902T105500,GILD,0.262353,0.409901
20230901T220013,AMT,0.111824,0.254778
20230901T221506,SO,0.147856,0.247683
20230831T102007,EOG,0.297559,0.128025
20230903T072049,WM,0.18168,0.332688
20230903T163044,CDNS,0.059421,-0.019494
20230903T120900,MO,0.110334,0.009832
20230903T130000,TGT,0.171752,0.056989
20230901T200637,CME,0.185056,-0.008143
20230902T073453,DUK,0.239912,-0.028993
20230902T073452,CL,0.276562,0.438205
20230902T123001,FCX,0.033823,0.049082
20230901T204500,SHW,0.296182,0.205546
20230831T102006,APH,0.168784,0.050023
20230901T142800,MCK,-0.064335,0.0
20230831T150344,PH,0.127787,0.284661
20230902T123001,SLB,0.033823,0.049082
20230831T203019,TT,0.160819,0.386944
20230831T183019,EQIX,0.160819,0.387251
20230903T110700,NOC,0.02415,0.01594
20230902T030000,ITW,0.236735,0.124651
20230831T153125,BDX,0.131391,0.237545
20230808T180000,CSX,0.143137,0.158038
20230902T021600,GD,0.309854,-0.011127
20230903T112300,PXD,0.179838,0.206399
20230901T153144,EMR,0.162326,0.050963
20230903T072442,PNC,0.324208,0.236128
20230901T120000,ORLY,0.017082,0.154294
20230904T013819,FDX,0.193725,0.050384
20230901T160006,MAR,0.316595,0.366171
20230904T062000,MCO,-0.087863,-0.036438
20230901T133500,PCAR,0.361545,0.193484
20230831T213027,CTAS,0.160819,0.387251
20230901T175710,MSI,0.285236,0.267005
20230830T141025,AON,-0.009696,-0.075389
20230901T200033,VLO,0.160819,0.386944
20230901T000000,ECL,0.185922,0.072931
20230901T153139,ROP,0.174708,0.246983
20230831T070019,COF,0.088993,-0.041606
20230831T223333,NSC,0.242342,0.106399
20230901T120000,APD,0.275407,0.517356
20230829T130048,EW,-0.087476,-0.117505
20230903T062918,AIG,0.367428,0.1679
20230831T151900,WELL,0.379359,0.161673
20230902T130000,AZO,0.465694,0.0
20230903T074329,TFC,0.0753,0.044211
20230903T050000,MMM,0.290604,0.0
20230902T041500,MCHP,0.240246,0.156822
20230903T070103,F,0.10535,-0.108282
20230901T132758,NEM,0.27917,0.150047
20230824T133800,TRV,0.334489,-0.145126
20230831T215011,CPRT,0.134402,0.129185
20230825T070000,WMB,0.248878,0.0
20230831T124800,OKE,0.336089,0.44252
20230901T153131,URI,0.194104,0.025207
20230902T062422,ADSK,0.253552,0.088056
20230903T123051,SPG,0.164168,0.086356
20230831T140000,KMB,0.425187,0.202966
20230901T154900,ROST,0.229854,0.197844
20230901T153133,HES,0.087499,0.091517
20230901T004100,SRE,0.070299,-0.153332
20230831T174500,AEP,0.214877,0.177419
20230903T231854,OXY,0.139147,0.388581
20230901T154300,O,0.323925,0.348246
20230831T153115,ALL,-0.012192,0.033335
20230902T112400,AFL,0.289625,0.388922
20230901T165700,JCI,0.164015,0.058815
20230903T072050,BK,0.292173,0.226077
20230830T201613,DLR,0.126525,0.0
20230904T065619,MET,0.157525,0.110374
20230902T074242,NUE,0.298039,0.133551
20230901T201500,D,0.413616,0.675189
20230901T125000,STZ,0.119451,0.082007
20230904T013819,IDXX,0.193725,0.050384
20230901T153133,FIS,0.183349,-0.003936
20230831T170033,AME,0.160819,0.387251
20230830T120000,PSA,0.181358,0.072101
20230901T230000,LHX,0.206321,0.041363
20230901T163020,CCI,0.160819,0.386944
20230903T130000,A,0.241858,0.14565
20230901T230000,GIS,0.325348,0.10588
20230903T072446,PRU,0.289705,0.0
20230901T203020,YUM,0.160819,0.386944
20230901T153000,CMI,0.363406,0.200967
20230903T104700,CNC,0.222823,0.108
20230902T143001,MNST,0.265216,0.143456
20230825T070000,RSG,0.213878,-0.0968
20230902T132100,FAST,0.211796,0.140775
20230901T142500,SYY,0.002405,0.0824
20230901T112000,LEN,0.04271,0.131017
20230831T144737,PAYX,0.326529,0.13594
20230831T194325,PWR,0.226202,0.193775
20230902T103000,CSGP,0.238959,-0.016193
20230901T153144,HUM,0.150785,0.276131
20230901T173024,MLM,0.160819,0.386606
20230901T163017,EXC,-0.084263,-0.079541
20230901T183000,PCG,0.182762,0.085915
20230903T163900,KR,0.102642,0.176817
20230831T153124,IT,0.140551,0.029796
20230828T102007,VMC,0.263608,0.135291
20230831T142100,HAL,0.090644,0.0
20230903T112300,DVN,0.179838,0.206399
20230831T181519,PEG,0.265071,0.152146
20230901T134400,ACGL,0.324345,0.224219
20230903T050000,CTSH,0.290604,0.0
20230902T061300,RCL,0.10309,0.075158
20230902T180300,BKR,0.113575,0.082822
20230830T154812,ODFL,0.193033,0.072244
20230901T102003,GPN,0.126548,0.07315
20230831T223333,ROK,0.242342,0.106399
20230901T200000,ED,-0.075384,0.0
20230904T070000,ADM,0.267589,0.173744
20230901T102100,RMD,0.002418,-0.033133
20230901T153142,DD,0.060389,-0.07228
20230902T170338,EA,0.05739,0.034179
20230901T154010,PPG,0.527452,0.624474
20230901T224500,BIIB,0.163139,0.0
20230830T122100,XEL,0.25202,0.024842
20230901T170000,TSCO,0.215459,0.115392
20230901T125100,WAB,0.169044,0.146871
20230902T041500,ON,0.240246,0.156822
20230902T143001,ANSS,0.265216,0.143456
20230830T165200,HIG,0.40043,0.129523
20230825T052842,EXR,0.278763,0.03126
20230901T134508,HSY,0.382134,0.37955
20230831T070000,FICO,0.327905,0.053298
20230901T213025,EFX,0.160819,0.387251
20230903T112717,EBAY,-0.009622,-0.089399
20230817T064851,AVB,0.289812,0.091034
20230831T102005,EIX,0.110365,0.070899
20230902T103000,MTD,0.238959,-0.016193
20230831T133000,WST,0.256019,0.0
20230828T092500,CBRE,0.297131,0.127705
20230817T054643,WTW,0.231091,0.052588
20230901T160022,WEC,0.160819,0.386606
20230901T134007,CAH,0.473473,0.326781
20230903T161214,DLTR,-0.144681,-0.123643
20230901T143400,DOV,0.355807,0.313674
20230904T014316,FITB,0.306601,0.511657
20230902T140057,ZBH,0.275937,0.047755
20230901T130007,PHM,0.31353,0.314821
20230825T053647,NVR,0.320038,0.060993
20230817T093700,MTB,0.055734,0.108938
20230902T114000,HPQ,-0.00979,0.042631
20230831T131507,GLW,0.307535,0.451569
20230903T072046,RJF,0.261646,0.254052
20230901T200500,WDC,0.150321,0.098913
20230823T142553,TTWO,0.127242,0.0
20230829T155600,WY,0.08055,0.0
20230904T051820,STT,0.130335,0.222628
20230828T102006,IRM,0.199631,0.068619
20230824T141200,DTE,0.269727,0.205287
20230901T132600,ETR,0.071852,-0.003299
20230831T150000,GPC,0.235661,0.354001
20230901T112000,ALGN,0.360016,0.397234
20230901T153151,GRMN,0.153131,0.062151
20230818T171009,BALL,0.26699,-0.069273
20230901T134009,HUBB,0.251784,0.427542
20230828T120000,AXON,0.294498,0.263334
20230831T140807,IFF,0.13787,0.0
20230825T153120,PTC,0.099323,0.07476
20230901T070000,DECK,0.325808,0.104193
20230825T070000,CTRA,0.408006,0.124999
20230831T151900,SBAC,0.379359,0.161673
20230902T013000,NTAP,0.246902,0.0
20230814T135000,ES,0.231332,0.066006
20230830T221506,STLD,0.140861,0.361964
20230902T143000,BAX,0.16805,0.084846
20230901T000000,STE,0.185922,0.072931
20230901T184000,MOH,0.342008,0.073052
20230815T131500,PPL,0.24033,0.289713
20230901T133500,FE,0.300522,0.227962
20230830T113000,ILMN,-0.170835,-0.10167
20230901T153139,TYL,0.153842,0.236013
20230901T102003,BRO,0.126548,0.07315
20230828T203000,AEE,0.513808,0.105609
20230831T134400,OMC,0.247594,-0.027817
20230901T160100,DRI,0.040666,0.042962
20230904T013819,WAT,0.193725,0.050384
20230825T144900,J,0.284798,0.0
20230901T171100,RF,0.297254,0.470815
20230822T000000,CNP,0.228858,0.180725
20230902T124500,CLX,-0.09889,-0.138494
20230903T123051,ARE,0.164168,0.086356
20230831T153123,HOLX,0.176965,0.287934
20230901T070000,AVY,0.38532,0.466593
20230902T090800,VTR,0.144148,0.057078
20230902T043000,TDY,0.269223,0.201675
20230831T181957,COO,0.358229,0.640507
20230830T013000,TER,0.256845,0.037904
20230901T153200,CINF,0.306924,0.175285
20230901T154700,DPZ,0.42698,0.4904
20230901T184500,ATO,0.276823,0.265718
20230829T135600,CMS,0.269378,0.207573
20230903T072442,PFG,0.324208,0.236128
20230831T115150,TSN,-0.221189,-0.210906
20230902T090246,NTRS,0.258671,0.421957
20230901T111600,TXT,0.294945,0.149751
20230902T073453,LH,0.250696,0.033397
20230830T163115,LVS,0.158389,0.056509
20230817T201734,EQT,0.240341,-0.086063
20230831T145003,SWKS,0.224839,0.181686
20230902T150000,STX,0.095895,0.097017
20230901T175000,IEX,0.263527,0.226266
20230808T170619,EXPD,-0.135025,-0.335779
20230901T113300,NRG,0.141224,0.187942
20230901T153133,MRO,0.087499,0.091517
20230903T081700,LUV,-0.023774,0.056467
20230825T120833,FDS,0.163733,0.227187
20230824T070000,ESS,0.337705,0.57586
20230831T194000,MAS,0.441333,0.424161
20230901T215013,VRSN,0.166041,0.324252
20230830T154813,PKG,0.194881,0.147586
20230831T120000,AKAM,0.20945,0.083665
20230903T090200,ZBRA,0.195132,0.236465
20230902T140057,K,0.275937,0.047755
20230901T102006,CCL,0.213295,0.0
20230902T033000,JBL,0.229949,0.018599
20230901T201500,MAA,0.297289,0.45477
20230901T165700,TRMB,0.164015,0.058815
20230901T111800,DGX,0.227728,0.10533
20230901T134300,BG,0.260536,0.127109
20230902T020000,CAG,0.294341,0.131064
20230901T211500,BBY,0.123308,0.029118
20230810T120000,POOL,0.086151,-0.002792
20230902T232728,SNA,0.137931,0.080451
20230901T144900,NDSN,0.313882,0.085194
20230902T120310,VTRS,0.311611,0.200412
20230816T203500,L,0.375472,0.058559
20230903T090200,SWK,0.195132,0.236465
20230902T074641,KEY,0.291184,0.117765
20230904T032100,ALB,0.093711,0.16438
20230903T123051,HST,0.164168,0.086356
20230826T114700,DOC,0.291051,0.123753
20230831T153127,PNR,0.101289,0.104318
20230902T120200,WBA,0.215948,0.422339
20230901T171500,ROL,0.329439,0.03424
20230831T153130,RVTY,0.059108,0.061013
20230901T133500,LNT,0.300522,0.227962
20230903T133646,KIM,0.132415,0.182686
20230821T120000,JKHY,0.542103,0.713143
20230804T174500,EVRG,0.190754,0.413324
20230825T003000,IP,0.232477,0.0
20230825T151500,LKQ,0.336275,0.122042
20230902T073453,CRL,0.279478,0.05789
20230831T123000,GEN,0.357739,0.117052
20230831T214852,TAP,0.026215,0.017674
20230803T125200,AES,0.178834,0.010717
20230830T132917,UDR,0.137283,-0.048403
20230901T153136,EMN,-0.119239,0.017587
20230904T035900,MGM,0.080473,0.074902
20230901T153142,NI,0.049839,0.05072
20230903T143000,JNPR,0.210963,0.0
20230901T092500,KMX,0.128739,0.217924
20230830T171040,FFIV,0.319947,0.0
20230821T052046,CPT,0.28573,0.13232
20230830T201500,BBWI,0.264488,0.100833
20230831T140100,HRL,0.145535,0.206878
20230828T200951,TECH,0.258311,0.378658
20230823T052451,APA,0.299187,0.488653
20230903T143000,MOS,0.218209,0.081196
20230830T103000,TFX,0.292171,0.0
20230901T231500,INCY,0.381507,0.0
20230901T154300,REG,0.323925,0.348246
20230829T150200,HSIC,0.242383,0.41075
20230901T092100,WYNN,0.289783,0.219013
20230831T162928,TPR,0.297825,0.180804
20230831T153121,AIZ,0.179225,0.276682
20230831T145600,CPB,0.132549,0.118449
20230903T140100,MTCH,0.387265,0.501813
20230904T014617,BXP,0.15772,0.04034
20230830T122100,PNW,0.25202,0.024842
20230902T123000,HAS,0.133107,0.184577
20230902T073243,BWA,0.272716,0.13287
20230824T153300,MKTX,0.359148,0.13578
20230901T153135,FRT,0.206378,0.080139
20230901T153149,FMC,-0.012016,0.011415
20230902T115314,RHI,0.131378,0.200569
20230901T152400,DVA,0.356546,0.0
20230903T072051,BEN,0.398234,0.368929
20230902T230000,CMA,-0.186405,-0.089304
20230903T094500,IVZ,0.238903,0.136477
20230904T040048,RL,0.184689,-0.012604
20230831T151200,GL,0.265559,0.097202
20230825T154900,MHK,0.195444,0.226924
20230903T130000,BIO,0.241858,0.14565
20230626T054310,AAPL,0.181989,0.321037
20230626T070000,NVDA,0.396276,0.0
20230625T131400,AMZN,0.110738,0.087325
20230626T063629,GOOG,-0.147736,0.0
20230625T122110,LLY,0.157191,-0.114016
20230624T141500,XOM,0.095454,0.063394
20230625T124500,UNH,0.296337,0.165072
20230625T215241,PG,-0.158523,0.0636
20230625T130900,JNJ,0.380998,0.606423
20230625T093000,HD,0.341199,0.569474
20230625T230000,COST,0.349756,0.152999
20230624T141500,CVX,0.095454,0.063394
20230626T064521,BAC,0.064004,0.03353
20230625T154000,WMT,-0.321403,-0.205622
20230625T173100,AMD,0.0699,0.023577
20230626T065448,NFLX,0.160666,0.23264
20230625T153000,PEP,0.145464,0.135028
20230626T060000,KO,0.431875,0.177877
20230625T124500,TMO,0.296337,0.165072
20230625T111500,ADBE,0.024927,0.009937
20230626T041300,WFC,-0.222114,-0.113369
20230623T131000,LIN,0.196036,0.105597
20230626T023849,DIS,0.048429,0.014057
20230619T161200,MCD,0.059527,0.076023
20230624T031500,CSCO,0.240252,0.088653
20230626T040005,ACN,0.121136,-0.062894
20230624T120000,ORCL,0.048532,0.187302
20230625T184927,ABT,0.181672,0.105334
20230626T052025,QCOM,0.140737,0.0
20230626T070000,INTU,0.317787,0.374715
20230626T070000,GE,0.199416,0.081081
20230625T051843,CAT,0.262686,0.07369
20230625T110900,AMAT,0.320067,0.228742
20230625T103000,VZ,0.227765,0.419983
20230623T141500,DHR,0.13974,0.0
20230623T163030,TXN,0.160819,0.386944
20230626T040005,COP,0.138466,0.145287
20230626T001804,IBM,0.11681,0.0
20230622T100016,UNP,-0.062415,-0.087981
20230625T215241,AMGN,-0.158523,0.0636
20230626T040005,PFE,0.138466,0.145287
20230626T051646,GS,0.253723,0.427763
20230625T093800,NEE,0.233725,0.092488
20230625T150000,INTC,0.119869,0.073764
20230625T110000,AXP,0.232222,0.290882
20230624T031500,RTX,0.240252,0.088653
20230626T070000,SPGI,0.388409,0.0
20230623T140700,ISRG,0.260549,0.159934
20230622T230000,ETN,0.171464,0.057635
20230626T063000,HON,0.17733,0.0
20230626T001804,MU,0.11681,0.0
20230625T124500,ELV,0.296337,0.165072
20230623T145500,BKNG,0.217881,-0.077802
20230622T131900,PGR,-0.091943,-0.118529
20230624T112000,LRCX,0.194514,0.07456
20230625T103000,T,0.227765,0.419983
20230626T060645,C,0.155575,0.0
20230626T052323,MS,0.269556,0.597322
20230626T040005,NKE,0.138466,0.145287
20230625T131400,SYK,0.110738,0.087325
20230625T225543,SCHW,0.154152,0.092823
20230623T200344,TJX,-0.134742,0.103535
20230623T230000,BSX,0.194929,0.140074
20230623T224100,UPS,-0.07074,0.0
20230626T051646,BLK,0.214381,0.277654
20230624T021422,MDT,0.141891,0.229653
20230622T201500,CI,0.463287,0.63989
20230622T203000,DE,0.229591,0.118093
20230625T131400,VRTX,0.110738,0.087325
20230625T131400,ADI,0.110738,0.087325
20230626T010000,SBUX,0.053416,0.101885
20230622T191533,ADP,-0.079901,0.094505
20230622T180600,CB,0.282555,0.14194
20230623T220900,LMT,0.184007,0.166607
20230623T102500,PLD,0.234492,0.349407
20230625T110900,KLAC,0.320067,0.228742
20230626T040005,BA,0.138466,0.145287
20230625T073000,MDLZ,0.173156,0.046649
20230624T051845,FI,0.218116,0.373525
20230623T081243,REGN,0.282598,0.189147
20230625T124500,BMY,0.296337,0.165072
20230625T135300,CVS,0.319485,0.048855
20230623T221520,SNPS,0.138281,0.169245
20230625T184927,GILD,0.181672,0.105334
20230623T200030,AMT,0.160819,0.386944
20230623T132000,SO,0.429606,0.334517
20230626T000728,EOG,-0.113132,-0.069917
20230624T100000,WM,0.472808,0.340347
20230622T102100,CDNS,0.348222,0.385675
20230625T095000,MO,0.1273,0.234391
20230625T115200,TGT,0.238986,0.24796
20230626T040515,CME,-0.107844,-0.164907
20230625T093800,DUK,0.233725,0.092488
20230625T053000,CL,0.258259,0.046503
20230622T210500,FCX,0.076578,0.089295
20230623T174430,SHW,0.243342,0.169815
20230625T131400,APH,0.110738,0.087325
20230623T200400,MCK,0.157699,0.289236
20230624T120000,PH,0.223869,0.114899
20230626T053000,SLB,0.118405,0.174438
20230626T063000,TT,0.17733,0.0
20230625T120500,EQIX,0.330033,0.366125
20230623T220029,NOC,0.191233,0.146663
20230623T130001,ITW,0.059086,0.075789
20230623T141500,BDX,0.13974,0.0
20230622T180000,CSX,0.231588,0.086314
20230625T164900,GD,-0.065051,-0.005266
20230625T105500,PXD,0.115151,0.226595
20230626T063000,EMR,0.17733,0.0
20230624T052041,PNC,0.305425,0.216306
20230625T121000,ORLY,0.259247,0.315984
20230625T051844,FDX,0.272519,-0.029296
20230623T145800,MAR,0.369018,0.242485
20230626T045020,MCO,0.306801,0.435465
20230624T120000,PCAR,0.223869,0.114899
20230623T130001,CTAS,0.059086,0.075789
20230623T195200,MSI,-0.13344,-0.225509
20230626T052022,AON,0.147749,0.105278
20230623T183635,VLO,-0.101572,0.031107
20230623T130001,ECL,0.059086,0.075789
20230623T150000,ROP,0.361746,0.191211
20230620T094000,COF,-0.130736,-0.215583
20230623T233922,NSC,-0.188197,-0.097668
20230623T221518,APD,0.192809,0.181427
20230623T145200,EW,0.250573,0.148837
20230623T163800,AIG,0.097149,0.139408
20230623T122252,WELL,0.176859,0.208117
20230622T153014,AZO,0.116666,0.245779
20230625T055642,TFC,0.332414,0.102363
20230625T053000,MMM,0.258259,0.046503
20230619T150000,MCHP,0.202535,0.025662
20230625T163110,F,-0.313848,-0.062827
20230623T113400,NEM,0.323829,0.22842
20230622T180600,TRV,0.282555,0.14194
20230622T124200,CPRT,0.092888,0.151034
20230623T142800,WMB,-0.039983,-0.105796
20230625T124332,OKE,0.087875,0.06692
20230623T220900,URI,0.184007,0.166607
20230623T134610,ADSK,0.097515,0.008328
20230625T092100,SPG,0.316273,0.319905
20230624T021500,KMB,0.17021,0.057281
20230623T181126,ROST,-0.07849,0.003532
20230623T104600,HES,0.253204,0.277289
20230615T125300,SRE,0.335258,0.267986
20230623T153107,AEP,0.138582,-0.095426
20230624T141500,OXY,0.095454,0.063394
20230624T121800,O,0.30106,0.260241
20230616T135900,ALL,-0.077862,-0.167439
20230623T130001,AFL,0.059086,0.075789
20230626T063000,JCI,0.17733,0.0
20230626T051645,BK,0.281987,0.291544
20230625T100700,DLR,0.259455,0.151083
20230626T051646,MET,0.214381,0.277654
20230623T210200,NUE,0.071033,0.103353
20230624T150000,D,0.049412,-0.001315
20230624T171900,STZ,-0.052768,-0.028639
20230623T130001,IDXX,0.059086,0.075789
20230619T173133,FIS,-0.01232,-0.107608
20230623T190036,AME,0.160819,0.387251
20230624T150001,PSA,0.314788,0.059794
20230623T141500,LHX,0.136911,-0.008671
20230624T150001,CCI,0.314788,0.059794
20230623T221519,A,0.175031,0.197848
20230625T120001,GIS,0.075587,0.039832
20230625T052448,PRU,0.260234,0.177953
20230623T130800,YUM,0.080972,0.137245
20230623T221518,CMI,0.198397,0.214623
20230622T134503,CNC,0.45134,0.443601
20230625T153000,MNST,0.145464,0.135028
20230615T130000,RSG,0.327605,0.09175
20230623T130001,FAST,0.059086,0.075789
20230623T142400,SYY,-0.055645,0.116789
20230623T123005,LEN,0.271465,0.446171
20230623T154012,PAYX,0.511329,0.610835
20230620T194025,PWR,0.330396,0.193529
20230626T070000,CSGP,0.388409,0.0
20230623T220900,HUM,0.184007,0.166607
20230623T210500,MLM,-0.074594,0.0
20230623T081249,EXC,0.364414,0.600489
20230623T153000,PCG,0.471823,0.075274
20230622T221938,KR,0.336979,0.167382
20230625T120500,IT,0.330033,0.366125
20230623T220900,VMC,0.184007,0.166607
20230623T214525,HAL,0.191314,0.229821
20230625T105500,DVN,0.115151,0.226595
20230621T120000,PEG,0.465669,0.0
20230623T070000,ACGL,0.348589,0.52127
20230623T213149,CTSH,0.148118,0.0
20230625T021722,RCL,-0.002382,0.150699
20230626T000728,BKR,-0.113132,-0.069917
20230606T152600,ODFL,0.311552,0.272676
20230623T134007,GPN,0.383749,0.117402
20230625T173100,ROK,0.0699,0.023577
20230623T142800,ED,-0.039983,-0.105796
20230626T041500,ADM,0.142984,0.0
20230625T131400,RMD,0.110738,0.087325
20230623T005949,DD,-0.012014,0.034319
20230623T140600,EA,0.193619,0.117551
20230623T130001,PPG,0.059086,0.075789
20230623T113000,BIIB,0.22479,0.097448
20230622T185848,XEL,0.17805,0.230802
20230623T201500,TSCO,0.339834,0.588572
20230620T125439,WAB,0.256196,0.381497
20230625T173648,ON,0.25438,0.0
20230622T161700,ANSS,0.021773,-0.243692
20230622T180600,HIG,0.282555,0.14194
20230624T121800,EXR,0.30106,0.260241
20230623T130001,HSY,0.059086,0.075789
20230626T070000,FICO,0.317787,0.374715
20230623T181500,EFX,0.197798,0.172064
20230625T123000,EBAY,0.476496,0.666128
20230621T070000,AVB,0.37767,0.462184
20230622T113800,EIX,0.350313,0.146633
20230616T122200,MTD,0.321124,0.167084
20230619T094700,WST,0.242076,0.079096
20230621T094552,CBRE,0.19106,0.314195
20230614T102008,WTW,0.133333,0.002261
20230613T173145,WEC,0.160819,0.386606
20230623T090000,CAH,0.372028,0.089542
20230623T224600,DLTR,0.062283,0.07608
20230612T135003,DOV,0.455939,0.191667
20230623T081245,FITB,0.315463,0.52968
20230623T210500,ZBH,-0.074594,0.0
20230623T200416,PHM,0.153201,0.166121
20230609T102007,NVR,0.243017,0.060343
20230623T132800,HPQ,0.141233,-0.044621
20230623T141500,GLW,0.13974,0.0
20230625T160000,RJF,0.355236,0.214158
20230620T114810,WDC,-0.290472,-0.24378
20230622T153900,TTWO,0.356207,0.156741
20230612T154000,WY,0.285754,0.004017
20230626T051646,STT,0.275062,0.469476
20230624T080029,IRM,0.716507,0.59248
20230622T212100,DTE,0.477085,0.715563
20230623T114700,ETR,0.252797,0.287237
20230623T221523,GPC,0.184012,0.183993
20230625T215241,ALGN,-0.158523,0.0636
20230625T113300,GRMN,0.32726,0.280268
20230621T194400,BALL,0.183999,0.144922
20230623T141900,HUBB,0.432502,0.175877
20230625T131400,AXON,0.110738,0.087325
20230609T130000,IFF,0.223645,0.0
20230624T082251,PTC,0.267877,0.080878
20230622T160000,DECK,-0.0024,-0.003749
20230625T095000,CTRA,0.1273,0.234391
20230612T120000,SBAC,0.194808,0.077006
20230624T014500,NTAP,0.20361,0.106232
20230609T174600,ES,0.489288,0.098569
20230623T210200,STLD,0.071033,0.103353
20230623T124958,BAX,0.344372,0.0
20230622T111700,STE,0.27098,0.091357
20230623T123007,MOH,0.295921,0.121155
20230622T131000,PPL,0.184869,0.170721
20230622T185400,FE,0.397215,0.067418
20230626T004500,ILMN,0.24396,0.222761
20230621T125200,TYL,0.220646,0.074059
20230623T163800,BRO,0.097149,0.139408
20230623T114700,AEE,0.252797,0.287237
20230625T164100,OMC,0.471257,0.226902
20230624T075246,DRI,0.276067,0.095117
20230616T122200,WAT,0.321124,0.167084
20230608T153055,J,0.152488,0.128033
20230622T143316,RF,0.097251,0.066308
20230620T134006,CNP,0.342117,0.252676
20230623T160007,CLX,0.305847,0.370828
20230624T142600,ARE,0.099201,-0.008943
20230623T162800,HOLX,0.303444,0.071599
20230620T101500,AVY,0.237021,0.0
20230625T231400,VTR,0.048583,0.0
20230622T011500,TDY,0.112792,0.100513
20230625T050000,COO,0.186626,0.098011
20230621T173857,TER,0.143416,-0.033248
20230623T121000,CINF,0.296616,-0.115558
20230622T200155,DPZ,0.266716,0.174635
20230622T134010,ATO,0.292199,0.478116
20230623T114700,CMS,0.252797,0.287237
20230626T051643,PFG,0.206578,0.164003
20230625T121500,TSN,0.021822,0.051198
20230625T052445,NTRS,0.258572,0.270684
20230623T155341,TXT,-0.089289,0.047269
20230622T052443,LH,0.267588,0.026475
20230623T125005,LVS,0.355214,0.376716
20230620T070000,EQT,0.37165,0.0
20230623T220900,SWKS,0.184007,0.166607
20230620T010000,STX,-0.069299,0.072773
20230623T130000,IEX,0.460743,0.199472
20230530T112100,EXPD,0.306517,0.32528
20230623T214522,NRG,0.136509,0.053254
20230623T215022,MRO,0.22264,0.197096
20230625T095825,LUV,0.068703,0.023337
20230623T155100,FDS,0.256876,0.081117
20230613T153000,ESS,0.244628,0.420986
20230616T031500,MAS,0.144241,0.076641
20230612T111000,VRSN,0.210239,0.108881
20230613T102009,PKG,0.291762,0.060868
20230623T161300,AKAM,0.33848,0.091353
20230621T144500,ZBRA,0.237679,0.280228
20230625T073000,K,0.173156,0.046649
20230624T171900,CCL,-0.052768,-0.028639
20230621T173118,JBL,0.316235,0.049163
20230614T100100,MAA,0.368405,0.379724
20230620T065047,TRMB,0.277159,0.128799
20230622T163500,DGX,0.279978,0.12776
20230617T042900,BG,0.360557,0.131167
20230623T142400,CAG,-0.055645,0.116789
20230624T090600,BBY,0.067935,0.103464
20230623T090000,POOL,0.164205,0.068923
20230623T141700,SNA,0.32535,0.178162
20230622T192017,NDSN,0.297139,0.549936
20230626T022423,VTRS,0.16941,0.0
20230622T155014,L,0.107975,0.074708
20230623T112000,SWK,0.353908,-0.011005
20230626T010112,KEY,0.084954,-0.086878
20230623T190031,ALB,0.160819,0.387251
20230623T141000,HST,0.323619,0.047433
20230607T095300,DOC,0.221232,0.183516
20230623T112000,PNR,0.353908,-0.011005
20230625T130900,WBA,0.380998,0.606423
20230622T143900,ROL,0.348112,0.105289
20230620T183722,RVTY,0.454693,0.254649
20230520T065646,LNT,0.235547,0.109548
20230617T112000,KIM,0.240147,0.116621
20230622T154700,JKHY,0.17709,0.005961
20230623T121312,EVRG,0.086286,-0.103106
20230625T043000,IP,0.219057,0.0
20230527T001500,LKQ,0.193533,0.0
20230626T021813,CRL,-0.01221,0.0
20230620T051844,GEN,0.338136,0.113524
20230623T210713,TAP,0.199532,0.124369
20230623T134505,AES,0.415494,0.395403
20230518T061648,UDR,0.226034,-0.02
20230625T060000,EMN,0.140683,0.026703
20230622T152200,MGM,0.13505,0.164858
20230622T134010,NI,0.292199,0.478116
20230623T000000,JNPR,0.210789,0.145101
20230626T062137,KMX,-0.309093,-0.566431
20230622T133738,FFIV,0.275132,0.440418
20230605T160900,CPT,0.338669,0.099985
20230623T100000,BBWI,0.115075,0.149917
20230623T212600,HRL,0.188082,0.227291
20230623T141500,TECH,0.13974,0.0
20230621T121200,APA,0.222909,0.14597
20230622T221520,MOS,0.182899,0.247228
20230622T150023,TFX,0.023828,-0.161799
20230619T200000,INCY,0.085849,-0.135106
20230607T162400,REG,0.217081,0.075235
20230623T220028,HSIC,0.211682,0.18932
20230625T132300,WYNN,0.321582,0.08182
20230626T061500,TPR,0.16368,0.05909
20230622T134100,AIZ,0.361901,0.559227
20230625T073000,CPB,0.173156,0.046649
20230615T000042,MTCH,0.265522,0.132184
20230624T142600,BXP,0.099201,-0.008943
20230613T102009,PNW,0.291762,0.060868
20230625T183800,HAS,0.034013,0.215398
20230624T051844,BWA,0.249305,0.032926
20230621T144749,MKTX,-0.016834,-0.458171
20230623T121312,FRT,0.086286,-0.103106
20230503T083849,FMC,0.283199,0.13681
20230623T190200,RHI,0.111248,0.207143
20230623T130001,DVA,0.059086,0.075789
20230622T071846,BEN,0.255309,0.136029
20230626T004746,CMA,-0.046352,-0.249554
20230626T041820,IVZ,0.254229,0.162236
20230626T061500,RL,0.16368,0.05909
20230623T110332,GL,0.153236,-0.007998
20230622T160300,MHK,-0.107243,-0.050542
20230622T221524,BIO,0.161508,0.146625
20230417T054843,AAPL,0.104117,0.142337
20230417T021500,NVDA,0.414752,0.118459
20230416T194907,AMZN,0.133068,0.195304
20230417T065933,GOOG,0.07552,0.043638
20230414T222011,LLY,0.094823,0.107475
20230416T140847,XOM,0.333385,0.165989
20230416T090000,UNH,0.201819,0.075371
20230416T174845,PG,-0.002345,0.0
20230417T043000,JNJ,0.233148,0.0
20230416T174845,HD,-0.002345,0.0
20230416T232727,COST,0.179807,0.070787
20230416T143100,CVX,0.310971,0.261603
20230417T060000,BAC,0.241031,0.002396
20230416T140847,WMT,0.333385,0.165989
20230416T121800,AMD,0.181311,0.24866
20230417T040739,NFLX,0.067152,0.26843
20230417T053927,PEP,0.312246,0.321015
20230417T043000,KO,0.233148,0.0
20230414T202900,TMO,0.147716,0.137041
20230414T153007,ADBE,0.246815,0.525272
20230417T051846,WFC,0.273858,0.455863
20230414T120900,LIN,0.267954,0.095322
20230414T153735,DIS,0.084053,-0.05804
20230416T130800,MCD,-0.036706,-0.136524
20230415T090600,CSCO,0.161365,0.087134
20230416T230000,ACN,0.456387,0.422099
20230415T233633,ORCL,0.184206,0.066999
20230416T141500,ABT,0.201878,0.227124
20230416T121000,QCOM,0.061947,0.194873
20230415T131500,INTU,0.100335,0.074335
20230416T120000,GE,0.112618,0.028806
20230416T093000,CAT,0.410322,0.454714
20230416T141500,AMAT,0.201878,0.227124
20230417T003000,VZ,0.193885,0.020994
20230413T150000,DHR,0.160332,0.0
20230414T174731,TXN,0.12023,0.28462
20230414T140700,COP,0.247497,0.131473
20230416T113500,IBM,0.0,0.0
20230414T203200,UNP,0.202986,0.050979
20230417T054500,AMGN,0.038472,-0.035858
20230415T143000,PFE,0.112124,-0.041455
20230417T060000,GS,0.241031,0.002396
20230414T214521,NEE,0.174829,0.109754
20230416T121000,INTC,0.061947,0.194873
20230416T174845,AXP,-0.002345,0.0
20230414T211700,RTX,0.206795,0.223386
20230417T052900,SPGI,0.185353,0.125262
20230414T220300,ISRG,0.102536,0.123163
20230414T190000,ETN,0.174217,0.011576
20230414T220026,HON,0.220671,0.303071
20230414T221522,MU,0.273988,0.36732
20230414T145000,ELV,0.300262,0.113357
20230415T140527,BKNG,0.023798,0.047209
20230414T111500,PGR,0.169957,0.287447
20230416T203800,LRCX,0.02909,0.068319
20230416T140100,T,-0.050638,0.158415
20230417T061929,C,-0.136289,-0.254699
20230417T063024,MS,0.231213,0.126784
20230417T053851,NKE,-0.090818,0.0
20230414T154012,SYK,0.507772,0.596825
20230417T051842,SCHW,0.208623,0.362714
20230415T103900,TJX,0.301767,0.167481
20230414T202900,BSX,0.147716,0.137041
20230416T093000,UPS,0.410322,0.454714
20230417T045530,BLK,-0.077464,-0.217734
20230414T151500,MDT,0.217543,0.092927
20230413T171302,CI,0.271937,0.348855
20230414T180000,DE,-0.102421,-0.181564
20230416T093000,VRTX,0.26566,0.0
20230415T113500,ADI,-0.014467,0.007917
20230416T071500,SBUX,-0.009502,0.010033
20230414T140023,ADP,0.070973,0.103087
20230414T125006,CB,0.335816,0.370069
20230416T235100,LMT,0.0,0.0
20230410T221522,PLD,0.215066,0.281328
20230412T053048,KLAC,0.242067,0.394361
20230416T184122,BA,0.060077,0.19941
20230414T211500,MDLZ,0.181036,0.07408
20230416T203800,REGN,0.02909,0.068319
20230414T080600,BMY,0.133278,0.131217
20230416T140001,CVS,-0.022019,0.068885
20230413T221523,SNPS,0.24458,0.333738
20230416T085706,GILD,0.048393,0.010279
20230416T130952,AMT,0.168251,0.180067
20230415T060442,SO,0.26946,0.076518
20230413T215026,EOG,0.204027,0.176363
20230417T065933,WM,0.07552,0.043638
20230414T214519,CDNS,0.200604,0.25285
20230416T120000,MO,0.112618,0.028806
20230416T135900,TGT,0.146033,0.0388
20230417T034817,CME,-0.092115,0.0
20230414T141000,DUK,0.407835,0.301845
20230408T190152,CL,-0.04136,0.037493
20230416T194100,FCX,0.050489,-0.235975
20230412T153000,SHW,0.193059,0.0
20230414T023000,APH,0.191579,0.054559
20230414T221521,MCK,0.175465,0.19444
20230416T141500,PH,0.201878,0.227124
20230414T220300,SLB,0.102536,0.123163
20230410T053000,TT,0.25011,0.029287
20230410T070000,EQIX,0.412204,0.0
20230414T200000,NOC,0.299481,0.106858
20230414T134100,ITW,0.30897,0.226602
20230414T151000,BDX,0.331854,0.1191
20230416T140100,CSX,-0.050638,0.158415
20230416T100000,GD,-0.050683,0.074438
20230415T132700,PXD,0.348139,0.490034
20230414T103300,EMR,0.30249,0.241495
20230417T051847,PNC,0.236783,0.078437
20230414T171300,ORLY,0.302681,0.231237
20230416T130800,FDX,-0.036706,-0.136524
20230417T065841,MAR,0.088324,0.117078
20230417T064959,MCO,0.061025,0.066266
20230413T113000,PCAR,0.009685,0.029125
20230413T120000,CTAS,-0.0266,0.143403
20230413T125446,MSI,0.012085,-0.114325
20230414T152800,AON,0.211159,0.0333
20230415T000200,VLO,0.177032,0.036245
20230414T103000,ECL,-0.16252,-0.107134
20230413T010012,ROP,-0.041953,-0.176069
20230410T153100,COF,-0.100574,-0.159658
20230417T054500,NSC,-0.019371,0.008163
20230413T221527,APD,0.2051,0.285995
20230412T163000,EW,0.093729,0.059892
20230413T084442,AIG,0.321707,0.310877
20230406T115351,WELL,0.191801,0.2275
20230414T171300,AZO,0.302681,0.231237
20230417T051845,TFC,0.279273,0.077901
20230413T153000,MMM,0.117557,-0.010861
20230410T223000,MCHP,0.151807,0.0
20230417T063000,F,0.306891,0.068426
20230414T144620,NEM,0.358686,0.24931
20230413T160000,TRV,0.120262,0.020624
20230414T174802,CPRT,0.217345,0.13024
20230416T113000,OKE,0.179566,0.159348
20230414T201801,URI,0.224065,0.259614
20230414T173227,ADSK,0.191732,0.345631
20230416T130952,SPG,0.168251,0.180067
20230417T043000,KMB,0.233148,0.0
20230411T131940,ROST,0.183469,0.130995
20230414T191613,HES,0.038115,0.0
20230417T040004,SRE,0.131465,-0.051386
20230414T164520,AEP,-0.084952,-0.078314
20230416T143100,OXY,0.310971,0.261603
20230415T130600,O,0.109816,0.150206
20230413T124000,ALL,0.04794,-0.083375
20230414T161014,AFL,0.322294,0.455325
20230412T113000,JCI,0.470048,0.3379
20230417T051848,BK,0.227619,0.235182
20230406T161712,DLR,0.147402,0.0
20230417T051847,MET,0.26826,0.026996
20230413T150522,NUE,0.127488,0.168691
20230414T174500,D,0.401142,0.537389
20230416T134500,STZ,0.329292,0.4738
20230413T162200,IDXX,0.38584,0.21939
20230417T054500,FIS,0.15254,0.077678
20230414T003000,AME,0.111623,0.109999
20230416T130952,PSA,0.168251,0.180067
20230411T142239,LHX,0.350306,0.130686
20230410T160046,CCI,-0.089679,-0.206521
20230414T144800,A,0.359745,0.0
20230414T211500,GIS,0.181036,0.07408
20230417T051848,PRU,0.242646,0.188551
20230414T215300,YUM,0.188465,0.0
20230413T221525,CMI,0.204972,0.271813
20230411T140300,CNC,0.356474,0.0179
20230414T150300,MNST,0.0,0.0
20230406T175051,RSG,0.302514,-0.05612
20230413T190516,FAST,0.087493,0.135693
20230413T170800,SYY,0.291428,0.0
20230416T090600,LEN,-0.068319,-0.092843
20230407T164034,PAYX,0.169539,-0.039235
20230413T123006,PWR,0.31928,0.28903
20230413T212934,CSGP,0.085082,0.111673
20230414T184753,HUM,0.139342,0.122698
20230412T141900,MLM,0.230281,0.180642
20230407T190039,EXC,-0.030817,0.088243
20230406T135749,PCG,0.028768,0.160271
20230414T160226,KR,0.269479,0.293822
20230414T184023,IT,0.270275,0.261547
20230406T153500,VMC,0.259706,0.220953
20230414T102006,HAL,0.214857,0.057012
20230416T121300,DVN,0.159437,0.20714
20230410T124500,PEG,0.120582,0.028661
20230413T070000,ACGL,0.283527,0.0
20230411T070241,CTSH,0.24092,0.412124
20230415T122500,RCL,-0.014409,-0.074972
20230414T220300,BKR,0.102536,0.123163
20230412T152415,GPN,0.037139,0.0
20230414T023000,ROK,0.191579,0.054559
20230407T161012,ED,0.310134,0.212955
20230415T143000,ADM,0.112124,-0.041455
20230414T120000,DD,0.345075,0.453568
20230414T160200,EA,0.135108,-0.015949
20230416T174845,PPG,-0.002345,0.0
20230414T121500,BIIB,0.089414,0.020285
20230407T140000,XEL,0.135508,0.042003
20230414T221522,TSCO,0.162163,0.187699
20230411T151300,WAB,0.181571,0.300955
20230416T100000,ON,0.287673,0.200406
20230414T043000,ANSS,0.27932,0.048227
20230412T190338,EXR,0.125574,0.265682
20230414T165100,HSY,0.007219,-0.033506
20230406T100000,FICO,0.167531,0.143345
20230416T174845,EFX,-0.002345,0.0
20230416T104701,EBAY,-0.192433,0.020788
20230406T111000,AVB,0.200224,0.265591
20230406T125007,EIX,0.336215,0.330212
20230410T213000,MTD,0.243374,0.351811
20230414T154014,WST,0.516788,0.599392
20230415T114248,CBRE,0.25438,0.210074
20230412T140400,WTW,0.392897,0.187092
20230414T141000,WEC,0.407835,0.301845
20230413T095000,CAH,0.340754,0.154985
20230416T232727,DLTR,0.179807,0.070787
20230413T154014,DOV,0.543227,0.662267
20230417T034059,FITB,0.40432,0.184097
20230412T213000,ZBH,0.240649,0.0
20230416T132800,PHM,0.372598,-0.025115
20230414T131613,HPQ,0.138769,0.53501
20230417T003000,GLW,0.193885,0.020994
20230416T050644,RJF,0.314239,0.228945
20230414T220912,WDC,0.077705,0.194229
20230413T122444,TTWO,0.136182,-0.195313
20230410T123213,WY,0.202888,0.008393
20230417T051848,STT,0.242646,0.188551
20230413T135400,IRM,0.254842,0.455967
20230413T205700,DTE,0.372614,0.655212
20230414T141000,ETR,0.407835,0.301845
20230414T221523,GPC,0.161438,0.179864
20230413T123200,ALGN,0.059786,0.077483
20230414T134926,GRMN,0.112247,0.108248
20230414T165100,BALL,0.007219,-0.033506
20230414T155208,HUBB,0.358361,0.621579
20230414T181950,AXON,-0.043914,-0.135861
20230413T115608,IFF,0.201672,-0.045696
20230404T102010,PTC,0.23999,0.068236
20230411T182200,DECK,0.28813,0.0
20230414T215019,CTRA,0.197402,0.165292
20230403T120000,SBAC,0.290874,0.053028
20230413T125612,NTAP,0.179341,0.228215
20230414T214524,STLD,0.166851,0.213158
20230410T224120,BAX,0.10867,0.066038
20230410T134006,MOH,0.437189,0.291671
20230414T211500,FE,0.224862,0.064966
20230414T121000,ILMN,0.158781,0.201749
20230405T113500,TYL,0.148487,0.069285
20230410T105000,BRO,0.265926,0.464387
20230414T141000,AEE,0.407835,0.301845
20230416T174845,OMC,-0.002345,0.0
20230415T134500,DRI,0.278814,0.379423
20230410T151000,WAT,0.288142,0.282674
20230412T154013,J,0.511578,0.569537
20230416T174845,RF,-0.002345,0.0
20230414T133400,CNP,0.42047,0.496836
20230414T141700,CLX,0.002438,-0.01798
20230415T113100,ARE,0.210009,0.136613
20230414T151600,HOLX,0.196233,0.084925
20230414T110200,AVY,0.291277,0.193707
20230413T125007,VTR,0.301449,0.345019
20230404T160007,TDY,0.312272,0.108002
20230413T112500,COO,0.294705,-0.021483
20230414T163800,TER,0.317398,0.562557
20230414T132500,CINF,0.352934,0.48275
20230416T171851,DPZ,0.166903,0.136154
20230413T153800,ATO,0.286211,0.287334
20230407T140000,CMS,0.135508,0.042003
20230414T130025,PFG,0.083049,-0.311582
20230414T154400,TSN,0.25711,0.173715
20230415T102247,NTRS,0.37114,0.334043
20230414T123800,TXT,-0.004835,-0.165789
20230412T052844,LH,0.294626,0.227443
20230415T010829,LVS,0.221752,0.280549
20230412T134233,EQT,0.459031,0.45021
20230415T113500,SWKS,-0.014467,0.007917
20230411T052843,STX,0.304852,0.466221
20230412T150658,IEX,-0.039072,0.181924
20230410T122400,EXPD,0.084759,0.164306
20230412T221524,NRG,0.181411,0.168286
20230416T121300,MRO,0.159437,0.20714
20230415T170250,LUV,0.012016,0.020161
20230405T212913,FDS,0.149725,0.0
20230412T152415,ESS,0.037139,0.0
20230414T164500,MAS,0.379196,0.149796
20230414T122929,VRSN,0.180692,0.290986
20230406T102006,PKG,0.282603,0.111824
20230412T103000,AKAM,0.481577,0.253659
20230413T140000,ZBRA,0.092739,0.024978
20230417T043000,K,0.233148,0.0
20230405T183621,CCL,0.168611,0.273403
20230412T102010,JBL,0.297766,0.117001
20230412T152415,MAA,0.037139,0.0
20230414T043000,TRMB,0.27932,0.048227
20230410T104700,DGX,0.283722,0.080515
20230415T053242,BG,0.272075,0.45284
20230414T133700,CAG,0.089921,0.234158
20230415T211010,BBY,0.056968,0.140271
20230406T200500,POOL,0.087538,0.144793
20230416T130700,SNA,0.305524,0.397086
20230413T154014,NDSN,0.543227,0.662267
20230415T125600,VTRS,0.203743,0.0
20230416T192125,SWK,-0.038785,0.0
20230417T051846,KEY,0.273858,0.455863
20230414T130700,ALB,0.261695,0.115413
20230409T051445,HST,0.233539,0.400172
20230415T135000,WBA,0.298787,0.28873
20230415T053243,ROL,0.238222,-0.027041
20230410T123000,KIM,0.205902,-0.001004
20230407T050000,JKHY,-0.290101,-0.265598
20230414T155000,EVRG,0.310239,0.329332
20230406T143136,IP,0.289934,-0.110483
20230415T053246,LKQ,0.263762,0.212106
20230416T182840,CRL,-0.014669,0.0
20230417T051841,GEN,0.276371,0.309413
20230406T112400,TAP,0.357417,0.246837
20230413T140500,UDR,0.299466,0.11329
20230412T152415,EMN,0.037139,0.0
20230414T204039,MGM,0.196291,-0.088386
20230413T103000,NI,0.326674,0.267732
20230414T161900,JNPR,0.339464,0.176681
20230415T063702,KMX,0.383398,0.151889
20230406T125300,FFIV,0.118554,-0.046494
20230416T132800,CPT,0.372598,-0.025115
20230413T201500,BBWI,0.43314,0.251932
20230414T211500,HRL,0.181036,0.07408
20230417T051846,TECH,0.273858,0.455863
20230406T120000,APA,0.190285,0.265036
20230412T221524,MOS,0.157733,0.185841
20230413T030000,TFX,0.098476,0.067157
20230417T003300,INCY,-0.036567,0.139175
20230414T144734,REG,-0.019265,-0.464095
20230414T220024,HSIC,0.212864,0.245799
20230415T063946,WYNN,0.395422,0.228689
20230414T165100,TPR,0.007219,-0.033506
20230412T121100,AIZ,-0.026275,-0.206321
20230414T180137,CPB,0.221934,0.232316
20230414T100000,BXP,0.159379,0.139703
20230415T063702,HAS,-0.394352,-0.122943
20230414T130700,BWA,0.261695,0.115413
20230414T152800,MKTX,0.211159,0.0333
20230410T200200,FRT,0.301013,0.167525
20230414T120100,RHI,0.628211,0.805436
20230414T094800,DVA,0.167298,-0.009859
20230412T052846,BEN,0.191705,0.181356
20230417T041500,CMA,-0.060577,0.0
20230417T051848,IVZ,0.239944,-0.037481
20230414T143500,RL,0.206514,0.20222
20230415T211010,GL,0.056968,0.140271
20230411T164341,MHK,0.198424,0.236638
20230414T151600,BIO,0.196233,0.084925
